Date,YYYY,MM,DD,Station,Depth,dataset,NO3,NO2,PO4,SiO3,NH4
12/03/2001,2001,3,12,E2GI,0,vieyos,2.64,0.4,0.23,0.72,1.3
12/03/2001,2001,3,12,E2GI,10,vieyos,2.74,0.44,0.22,0.56,NA
12/03/2001,2001,3,12,E2GI,20,vieyos,3.07,0.42,0.28,0.64,1.64
12/03/2001,2001,3,12,E2GI,30,vieyos,2.55,0.49,0.25,0.54,NA
12/03/2001,2001,3,12,E2GI,40,vieyos,3.51,0.47,0.26,0.67,NA
12/03/2001,2001,3,12,E2GI,50,vieyos,2.82,0.52,0.22,0.57,1.81
12/03/2001,2001,3,12,E2GI,75,vieyos,2.59,0.46,0.22,0.48,NA
12/03/2001,2001,3,12,E2GI,95,vieyos,2.59,0.42,0.23,0.51,1.65
16/04/2001,2001,4,16,E2GI,0,vieyos,0.6,0.2,0.04,0.16,0.6
16/04/2001,2001,4,16,E2GI,10,vieyos,0.56,0.17,0.03,0.07,0.46
16/04/2001,2001,4,16,E2GI,20,vieyos,0.81,0.18,0.1,0.17,0.96
16/04/2001,2001,4,16,E2GI,30,vieyos,0.69,0.2,0.04,0.08,0.34
16/04/2001,2001,4,16,E2GI,40,vieyos,1.08,0.25,0.1,0.26,1.13
16/04/2001,2001,4,16,E2GI,50,vieyos,0.99,0.25,0.09,0.16,0.98
16/04/2001,2001,4,16,E2GI,75,vieyos,1.67,0.37,0.16,0.31,1.14
16/04/2001,2001,4,16,E2GI,100,vieyos,5.34,0.12,0.38,1.14,1.35
14/05/2001,2001,5,14,E2GI,0,vieyos,0.03,0.09,0.01,0.13,0.45
14/05/2001,2001,5,14,E2GI,10,vieyos,0.11,0.05,0.02,0.18,0.4
14/05/2001,2001,5,14,E2GI,20,vieyos,0.88,0.22,0.11,0.15,0.41
14/05/2001,2001,5,14,E2GI,30,vieyos,3.12,0.43,0.24,0.82,1.22
14/05/2001,2001,5,14,E2GI,40,vieyos,5.94,0.36,0.41,1.58,0.75
14/05/2001,2001,5,14,E2GI,50,vieyos,6.06,0.44,0.42,1.59,2.1
14/05/2001,2001,5,14,E2GI,75,vieyos,6.2,0.31,0.43,1.71,1.08
14/05/2001,2001,5,14,E2GI,100,vieyos,6.54,0.35,0.46,1.89,1.81
11/06/2001,2001,6,11,E2GI,0,vieyos,0.11,0.06,0.016875,0.112732595,0.59
11/06/2001,2001,6,11,E2GI,10,vieyos,0.21,0.07,0.025833333,0.144251303,1.29
11/06/2001,2001,6,11,E2GI,20,vieyos,0.95,0.11,0.102083333,0.394723976,1.55
11/06/2001,2001,6,11,E2GI,30,vieyos,3.1,0.09,0.213125,0.612657879,0.94
11/06/2001,2001,6,11,E2GI,40,vieyos,3.93,0.06,0.269791667,0.791787584,0.58
11/06/2001,2001,6,11,E2GI,50,vieyos,4.67,0.1,0.319375,0.969156774,0.78
11/06/2001,2001,6,11,E2GI,75,vieyos,6.05,0.14,0.408958333,1.412345927,3.25
11/06/2001,2001,6,11,E2GI,100,vieyos,7.89,0.14,0.520625,2.136932574,0.77
09/07/2001,2001,7,9,E2GI,0,vieyos,0.09,0.06,0.009791667,0.464691026,1.2
09/07/2001,2001,7,9,E2GI,10,vieyos,0.1,0.38,0.016666667,0.474160333,7.25
09/07/2001,2001,7,9,E2GI,20,vieyos,0.2,0.51,0.034791667,0.491852464,14.59
09/07/2001,2001,7,9,E2GI,30,vieyos,0.08,0.07,0.049791667,0.492541726,1.66
09/07/2001,2001,7,9,E2GI,40,vieyos,0.07,0.08,0.023125,0.472803393,0.96
09/07/2001,2001,7,9,E2GI,50,vieyos,2.22,0.31,0.172708333,0.440236352,1.73
09/07/2001,2001,7,9,E2GI,75,vieyos,6.73,0.17,0.44375,1.651311615,1.09
09/07/2001,2001,7,9,E2GI,100,vieyos,7.62,0.19,0.502708333,2.134275969,1.29
09/08/2001,2001,8,9,E2GI,0,vieyos,0.07,0.36,0,0.24,5.93
09/08/2001,2001,8,9,E2GI,10,vieyos,0.01,0.03,0.01,0,0.12
09/08/2001,2001,8,9,E2GI,20,vieyos,0.01,0.03,0,0.02,0.17
09/08/2001,2001,8,9,E2GI,30,vieyos,0.02,0.02,0,0.04,0.11
09/08/2001,2001,8,9,E2GI,40,vieyos,0.06,0.03,0,0.08,0.44
09/08/2001,2001,8,9,E2GI,50,vieyos,0.32,0.11,0.05,0.52,0.48
09/08/2001,2001,8,9,E2GI,75,vieyos,5.63,0.18,0.41,1.55,0.34
09/08/2001,2001,8,9,E2GI,100,vieyos,7.35,0.1,0.53,1.72,0.74
10/09/2001,2001,9,10,E2GI,0,vieyos,0.7575,0.59,0.11,0.28206,10
10/09/2001,2001,9,10,E2GI,10,vieyos,0.1616,0.17,0.1,0.48577,4.59
10/09/2001,2001,9,10,E2GI,20,vieyos,0.3838,0.2,0.09,0.23505,2.6
10/09/2001,2001,9,10,E2GI,30,vieyos,2.0705,0.4,0.2,0.48577,1.08
10/09/2001,2001,9,10,E2GI,40,vieyos,3.7774,0.18,0.29,0.9402,2.82
10/09/2001,2001,9,10,E2GI,50,vieyos,5.2823,0.08,0.39,1.77071,0.46
10/09/2001,2001,9,10,E2GI,75,vieyos,7.2215,0.07,0.55,2.25648,2.37
10/09/2001,2001,9,10,E2GI,95,amaia,8.42,0.08,0.59,3.18,NA
10/09/2001,2001,9,10,E2GI,100,vieyos,8.4234,0.08,0.59,3.18101,0.48
11/10/2001,2001,10,11,E2GI,0,vieyos,0.101,0.08,0.09,NA,1.43
11/10/2001,2001,10,11,E2GI,10,vieyos,0.101,0.06,0.1,NA,1.41
11/10/2001,2001,10,11,E2GI,20,vieyos,0.101,0.06,0.08,NA,1.82
11/10/2001,2001,10,11,E2GI,30,vieyos,0.9292,0.23,0.19,NA,2.51
11/10/2001,2001,10,11,E2GI,40,vieyos,2.5755,0.36,0.23,NA,3.03
11/10/2001,2001,10,11,E2GI,50,vieyos,3.1714,0.52,0.33,NA,2.25
11/10/2001,2001,10,11,E2GI,75,vieyos,4.4541,0.64,0.37,NA,3.86
11/10/2001,2001,10,11,E2GI,95,amaia,7.41,0.2,0.57,NA,NA
11/10/2001,2001,10,11,E2GI,100,vieyos,7.4134,0.2,0.57,NA,3.67
22/11/2001,2001,11,22,E2GI,0,vieyos,0.7676,0.19,0.15,0.43876,0.58
22/11/2001,2001,11,22,E2GI,10,vieyos,0.6262,0.14,0.13,0.61113,0.44
22/11/2001,2001,11,22,E2GI,20,vieyos,2.6967,0.49,0.15,3.68245,3.56
22/11/2001,2001,11,22,E2GI,30,vieyos,0.7575,0.2,0.14,0.37608,0.43
22/11/2001,2001,11,22,E2GI,40,vieyos,1.1817,0.45,0.15,0.42309,5.77
22/11/2001,2001,11,22,E2GI,50,vieyos,3.2219,0.44,0.25,2.11545,7.66
22/11/2001,2001,11,22,E2GI,75,vieyos,5.2823,0.08,0.43,1.75504,0.6
22/11/2001,2001,11,22,E2GI,100,vieyos,7.3932,0.08,0.56,2.71091,2.79
11/12/2001,2001,12,11,E2GI,0,vieyos,1.1413,0.35,0.2,NA,2.79
11/12/2001,2001,12,11,E2GI,10,vieyos,1.2827,0.5,0.26,NA,10
11/12/2001,2001,12,11,E2GI,20,vieyos,1.0908,0.33,0.16,NA,1.28
11/12/2001,2001,12,11,E2GI,30,vieyos,0.9797,0.28,0.15,NA,1.08
11/12/2001,2001,12,11,E2GI,40,vieyos,1.1716,0.35,0.17,NA,3.19
11/12/2001,2001,12,11,E2GI,50,vieyos,2.1008,0.24,0.23,NA,1.38
11/12/2001,2001,12,11,E2GI,100,vieyos,5.3934,0.14,0.46,NA,1.36
16/01/2002,2002,1,16,E2GI,0,vieyos,4.4238,0.11,0.39,1.42597,0.38
16/01/2002,2002,1,16,E2GI,10,vieyos,4.5147,0.12,0.39,1.48865,0.54
16/01/2002,2002,1,16,E2GI,20,vieyos,4.4844,0.11,0.37,1.45731,0.7
16/01/2002,2002,1,16,E2GI,30,vieyos,4.5551,0.11,0.39,1.50432,0.47
16/01/2002,2002,1,16,E2GI,40,vieyos,4.7167,0.11,0.39,1.67669,0.19
16/01/2002,2002,1,16,E2GI,50,vieyos,5.2621,0.16,0.44,1.81772,0.64
16/01/2002,2002,1,16,E2GI,75,vieyos,5.7469,0.14,0.47,2.06844,0.49
16/01/2002,2002,1,16,E2GI,95,amaia,5.72,0.17,0.47,2.05,NA
16/01/2002,2002,1,16,E2GI,100,vieyos,5.7166,0.17,0.47,2.05277,0.58
18/02/2002,2002,2,18,E2GI,0,vieyos,2.9189,0.14,0.31,1.0969,0.4
18/02/2002,2002,2,18,E2GI,10,vieyos,2.8684,0.17,0.31,1.0969,1.35
18/02/2002,2002,2,18,E2GI,20,vieyos,2.8987,0.16,0.32,1.0969,1.05
18/02/2002,2002,2,18,E2GI,30,vieyos,2.8987,0.14,0.31,1.14391,0.66
18/02/2002,2002,2,18,E2GI,40,vieyos,2.9189,0.16,0.31,1.12824,0.82
18/02/2002,2002,2,18,E2GI,50,vieyos,3.0199,0.19,0.3,1.11257,1.29
18/02/2002,2002,2,18,E2GI,75,vieyos,3.0401,0.16,0.32,1.19092,0.55
18/02/2002,2002,2,18,E2GI,100,vieyos,3.1411,0.17,0.34,1.20659,0.66
25/03/2002,2002,3,25,E2GI,0,vieyos,0.6868,0.19,0.21,0.42309,2.26
25/03/2002,2002,3,25,E2GI,10,vieyos,0.7272,0.14,0.21,0.61113,0.38
25/03/2002,2002,3,25,E2GI,20,vieyos,0.8888,0.15,0.2,0.67381,0.59
25/03/2002,2002,3,25,E2GI,30,vieyos,1.8281,0.2,0.25,1.06556,1.06
25/03/2002,2002,3,25,E2GI,40,vieyos,2.7775,0.36,0.3,1.39463,1.62
25/03/2002,2002,3,25,E2GI,50,vieyos,3.4542,0.4,0.35,1.66102,0.72
25/03/2002,2002,3,25,E2GI,75,vieyos,3.7572,0.52,0.37,1.84906,0.42
25/03/2002,2002,3,25,E2GI,100,vieyos,3.9087,0.52,0.39,2.0371,0.6
18/04/2002,2002,4,18,E2GI,0,vieyos,0.091,0.65,0.23,0.256,14.86
18/04/2002,2002,4,18,E2GI,10,vieyos,0,0.25,0.18,0.16,3.88
18/04/2002,2002,4,18,E2GI,20,vieyos,0,0.29,0.2,0.16,5.04
18/04/2002,2002,4,18,E2GI,30,vieyos,0.2226,0.45,0.28,0.608,14.86
18/04/2002,2002,4,18,E2GI,40,vieyos,2.5638,0.48,0.82,1.408,5.21
18/04/2002,2002,4,18,E2GI,50,vieyos,3.73,0.26,0.46,1.28,2.19
18/04/2002,2002,4,18,E2GI,75,vieyos,5.6616,0.54,0.6,2.24,5.57
18/04/2002,2002,4,18,E2GI,95,amaia,13.74,0.41,0.74,10.4,NA
18/04/2002,2002,4,18,E2GI,100,vieyos,13.7374,0.41,0.74,10.4,6.03
13/05/2002,2002,5,13,E2GI,0,vieyos,0.054,0.06,0.07,0.208,1.06
13/05/2002,2002,5,13,E2GI,10,vieyos,0.094,0.02,0.05,0.448,3.1
13/05/2002,2002,5,13,E2GI,20,vieyos,0.104,0.01,0.04,0.368,0.94
13/05/2002,2002,5,13,E2GI,30,vieyos,0.1182,0.03,0.05,0.336,2.25
13/05/2002,2002,5,13,E2GI,40,vieyos,0.5626,0.11,0.11,0.88,1.64
13/05/2002,2002,5,13,E2GI,50,vieyos,2.7448,0.47,0.24,1.456,14.86
13/05/2002,2002,5,13,E2GI,75,vieyos,6.52,0.32,0.37,2,1.27
13/05/2002,2002,5,13,E2GI,100,vieyos,8.4542,0.13,0.4,2.928,2.26
10/06/2002,2002,6,10,E2GI,0,vieyos,0.084,0.03,0.03,0.832,1.24
10/06/2002,2002,6,10,E2GI,10,vieyos,0.094,0.02,0.02,0.592,0.73
10/06/2002,2002,6,10,E2GI,20,vieyos,0.0666,0.15,0.04,0.512,14.86
10/06/2002,2002,6,10,E2GI,30,vieyos,0.1966,0.02,0.01,0.384,0.8
10/06/2002,2002,6,10,E2GI,40,vieyos,0.2322,0.03,0.01,0.384,1.61
10/06/2002,2002,6,10,E2GI,50,vieyos,0.1048,0.26,0.02,0.368,9.49
10/06/2002,2002,6,10,E2GI,75,vieyos,1.3576,0.74,0.14,0.752,14.86
10/06/2002,2002,6,10,E2GI,100,vieyos,3.6192,0.12,0.28,1.76,1.51
10/07/2002,2002,7,10,E2GI,0,vieyos,0.2742,0.33,0.05,0.496,1.83
10/07/2002,2002,7,10,E2GI,10,vieyos,0.0768,0.06,0.01,0.48,0.61
10/07/2002,2002,7,10,E2GI,20,vieyos,0.084,0.03,0.02,0.368,0.22
10/07/2002,2002,7,10,E2GI,30,vieyos,0.084,0.03,0,0.24,0.73
10/07/2002,2002,7,10,E2GI,40,vieyos,0.778,1.16,0.08,0.4,14.86
10/07/2002,2002,7,10,E2GI,50,vieyos,4.1092,0.2,0.26,1.664,0.7
10/07/2002,2002,7,10,E2GI,75,vieyos,6.2712,0.09,0.43,2.16,1.42
10/07/2002,2002,7,10,E2GI,100,vieyos,9.0228,0.12,0.59,3.36,1.46
08/08/2002,2002,8,8,E2GI,0,vieyos,0.0854,0.04,0.1,0.33,0.62
08/08/2002,2002,8,8,E2GI,10,vieyos,0.1296,0.03,0.07,0.2805,0.4
08/08/2002,2002,8,8,E2GI,20,vieyos,0.1866,0.03,0.06,0.2475,1
08/08/2002,2002,8,8,E2GI,30,vieyos,0.1496,0.01,0.08,0.2805,0.33
08/08/2002,2002,8,8,E2GI,40,vieyos,0.4018,0.02,0.06,0.1155,0.88
08/08/2002,2002,8,8,E2GI,50,vieyos,4.0236,0.24,0.29,1.1715,0.92
08/08/2002,2002,8,8,E2GI,75,vieyos,6.7926,0.15,0.43,2.079,1.21
08/08/2002,2002,8,8,E2GI,100,vieyos,9.5258,0.13,0.63,3.6135,0.91
10/09/2002,2002,9,10,E2GI,0,vieyos,0.926,0.1,0.07,1.7325,4.51
10/09/2002,2002,9,10,E2GI,10,vieyos,0.4516,0.05,0.07,1.287,2.29
10/09/2002,2002,9,10,E2GI,20,vieyos,0.094,0.02,0.08,0.4785,1.85
10/09/2002,2002,9,10,E2GI,30,vieyos,0,0.13,0.1,0.429,3.94
10/09/2002,2002,9,10,E2GI,40,vieyos,3.7388,0.73,0.27,1.2705,9.03
10/09/2002,2002,9,10,E2GI,50,vieyos,5.391,0.48,0.44,1.848,6.15
10/09/2002,2002,9,10,E2GI,75,vieyos,8.8746,0.12,0.57,3.531,1.59
10/09/2002,2002,9,10,E2GI,100,vieyos,9.221,0.07,0.64,3.762,1.23
15/10/2002,2002,10,15,E2GI,0,vieyos,0.7828,0.38,0.19,2.079,0.36
15/10/2002,2002,10,15,E2GI,10,vieyos,0.5152,0.26,0.18,1.551,0.73
15/10/2002,2002,10,15,E2GI,20,vieyos,0.6306,0.27,0.2,1.584,0.94
15/10/2002,2002,10,15,E2GI,30,vieyos,0.7332,0.27,0.23,1.6005,0.95
15/10/2002,2002,10,15,E2GI,40,vieyos,1.6118,0.52,0.3,1.65,0.76
15/10/2002,2002,10,15,E2GI,50,vieyos,2.8572,0.54,0.33,2.013,0.68
15/10/2002,2002,10,15,E2GI,75,vieyos,4.8698,0.91,0.45,2.4255,0.39
15/10/2002,2002,10,15,E2GI,100,vieyos,6.221,1.36,0.52,2.541,0
25/11/2002,2002,11,25,E2GI,0,vieyos,1.6368,0.78,0.24,1.5675,0.33
25/11/2002,2002,11,25,E2GI,10,vieyos,1.5584,0.79,0.24,1.4355,1.32
25/11/2002,2002,11,25,E2GI,20,vieyos,1.4204,0.7,0.22,1.386,0.4
25/11/2002,2002,11,25,E2GI,30,vieyos,1.5044,0.73,0.23,1.4685,0.36
25/11/2002,2002,11,25,E2GI,40,vieyos,1.617,1.29,0.22,1.2375,3.8
25/11/2002,2002,11,25,E2GI,50,vieyos,1.6228,1.25,0.2,1.2705,2.6
25/11/2002,2002,11,25,E2GI,75,vieyos,1.2496,0.62,0.19,1.221,0.44
25/11/2002,2002,11,25,E2GI,100,vieyos,1.409,0.7,0.2,1.254,0.89
13/12/2002,2002,12,13,E2GI,0,vieyos,3.0544,0.32,0.31,2.079,0.45
13/12/2002,2002,12,13,E2GI,10,vieyos,2.7134,0.49,0.3,1.749,0.6
13/12/2002,2002,12,13,E2GI,20,vieyos,2.8586,0.55,0.34,1.5345,2.23
13/12/2002,2002,12,13,E2GI,30,vieyos,2.1754,0.23,0.26,1.221,1.77
13/12/2002,2002,12,13,E2GI,40,vieyos,2.0698,0.29,0.24,1.1385,0.76
13/12/2002,2002,12,13,E2GI,50,vieyos,1.889,0.22,0.24,1.0065,1.29
13/12/2002,2002,12,13,E2GI,75,vieyos,1.775,0.22,0.22,0.99,5.72
13/12/2002,2002,12,13,E2GI,100,vieyos,2.1484,0.2,0.25,0.9735,2.43
16/01/2003,2003,1,16,E2GI,0,vieyos,3.5206,0.23,0.31,2.079,1.55
16/01/2003,2003,1,16,E2GI,10,vieyos,3.3654,0.18,0.34,2.0625,0.55
16/01/2003,2003,1,16,E2GI,20,vieyos,3.4494,0.21,0.35,2.178,1.26
16/01/2003,2003,1,16,E2GI,30,vieyos,3.8544,0.09,0.37,1.947,2.36
16/01/2003,2003,1,16,E2GI,40,vieyos,2.9482,0.05,0.33,1.485,1.93
16/01/2003,2003,1,16,E2GI,50,vieyos,3.0978,0.06,0.3,1.3695,0.99
16/01/2003,2003,1,16,E2GI,75,vieyos,3.7434,0.03,0.35,1.5675,1
16/01/2003,2003,1,16,E2GI,100,vieyos,4.5058,0.02,0.44,1.6665,1.37
17/02/2003,2003,2,17,E2GI,0,vieyos,2.66,0.19,0.09,2.35,NA
17/02/2003,2003,2,17,E2GI,10,vieyos,3.0376,0.2,0.1,3.218,NA
17/02/2003,2003,2,17,E2GI,20,vieyos,2.9208,0.18,0.13,2.84,NA
17/02/2003,2003,2,17,E2GI,30,vieyos,2.7384,0.18,0.14,2.588,NA
17/02/2003,2003,2,17,E2GI,40,vieyos,2.8082,0.19,0.1,2.686,NA
17/02/2003,2003,2,17,E2GI,50,vieyos,3.0518,0.22,0.15,2.728,NA
17/02/2003,2003,2,17,E2GI,75,vieyos,3.9426,0.15,0.14,2.798,NA
17/02/2003,2003,2,17,E2GI,100,vieyos,6.747,0.15,0.51,3.4,NA
19/03/2003,2003,3,19,E2GI,0,vieyos,0.4002,0.09,0.07,0.306,1.24
19/03/2003,2003,3,19,E2GI,10,vieyos,0.4258,0.11,0.09,0.222,1.61
19/03/2003,2003,3,19,E2GI,20,vieyos,0.3204,0.09,0.06,0.39,1.09
19/03/2003,2003,3,19,E2GI,30,vieyos,0.8916,0.18,0.1,0.306,1.08
19/03/2003,2003,3,19,E2GI,40,vieyos,1.2078,0.24,0.07,0.446,1.08
19/03/2003,2003,3,19,E2GI,50,vieyos,1.9368,0.48,0.13,0.992,0.72
19/03/2003,2003,3,19,E2GI,75,vieyos,3.3826,0.71,0.16,2.588,0.82
19/03/2003,2003,3,19,E2GI,100,vieyos,5.3192,0.7,0.32,3.722,1.03
14/04/2003,2003,4,14,E2GI,0,vieyos,0.2606,0.07,0.05,0.264,0.9
14/04/2003,2003,4,14,E2GI,5,amaia,0.26,0.07,0.05,0.26,NA
14/04/2003,2003,4,14,E2GI,10,vieyos,0.3788,0.1,0.05,0.334,0.23
14/04/2003,2003,4,14,E2GI,20,vieyos,0.473,0.04,0.03,0.39,0.29
14/04/2003,2003,4,14,E2GI,30,vieyos,1.5444,0.12,0.08,0.74,0.47
14/04/2003,2003,4,14,E2GI,40,vieyos,2.305,0.26,0.07,1.37,1.32
14/04/2003,2003,4,14,E2GI,50,vieyos,2.3922,0.15,0.07,1.398,0.51
14/04/2003,2003,4,14,E2GI,75,vieyos,2.8966,0.17,0.1,1.748,0.41
14/04/2003,2003,4,14,E2GI,100,vieyos,6.3536,0.19,0.12,1.902,1.77
13/05/2003,2003,5,13,E2GI,0,vieyos,0.094,0.02,0,0.082,0.54
13/05/2003,2003,5,13,E2GI,10,vieyos,0.3462,0.03,0,0.348,0.8
13/05/2003,2003,5,13,E2GI,20,vieyos,0.4018,0.02,0,0.376,0.18
13/05/2003,2003,5,13,E2GI,30,vieyos,0.51,0.06,0,0.306,0.55
13/05/2003,2003,5,13,E2GI,40,vieyos,0.5028,0.09,0,0,0.59
13/05/2003,2003,5,13,E2GI,50,vieyos,2.5222,0.59,0.06,0.754,0.27
13/05/2003,2003,5,13,E2GI,75,vieyos,4.9328,0.22,0.17,2.112,0.78
13/05/2003,2003,5,13,E2GI,100,vieyos,7.7668,0.35,0.22,4.212,0.59
11/06/2003,2003,6,11,E2GI,0,vieyos,0.4032,0.03,0.12,0,0.28
11/06/2003,2003,6,11,E2GI,5,amaia,0.4,0.03,0.12,0,NA
11/06/2003,2003,6,11,E2GI,10,vieyos,0.2436,0.03,0.13,0.32,0.14
11/06/2003,2003,6,11,E2GI,20,vieyos,0.255,0.03,0.12,0.306,0.69
11/06/2003,2003,6,11,E2GI,30,vieyos,0.2322,0.03,0.09,0.264,0.6
11/06/2003,2003,6,11,E2GI,40,vieyos,0.544,0.14,0.1,0.502,0.28
11/06/2003,2003,6,11,E2GI,50,vieyos,0.2222,0.04,0.07,0.376,0.53
11/06/2003,2003,6,11,E2GI,75,vieyos,3.6178,0.11,0.27,2.196,0.4
11/06/2003,2003,6,11,E2GI,100,vieyos,7.7518,0.08,0.39,3.792,1.15
14/07/2003,2003,7,14,E2GI,0,vieyos,0.5214,0.06,0.14,0.39,2.2
14/07/2003,2003,7,14,E2GI,5,amaia,0.52,0.06,0.14,0.39,NA
14/07/2003,2003,7,14,E2GI,10,vieyos,0.2422,0.02,0.08,0.208,1.91
14/07/2003,2003,7,14,E2GI,20,vieyos,0.1738,0.02,0.06,0.068,1.99
14/07/2003,2003,7,14,E2GI,30,vieyos,0.2008,0.05,0.05,0.236,1.52
14/07/2003,2003,7,14,E2GI,40,vieyos,0.2734,0.08,0.11,0.362,1.13
14/07/2003,2003,7,14,E2GI,50,vieyos,2.7218,0.55,0.13,0.488,6.05
14/07/2003,2003,7,14,E2GI,75,vieyos,5.0342,0.13,0.26,2.028,1.39
14/07/2003,2003,7,14,E2GI,100,vieyos,8.6082,0.09,0.41,3.722,1.4
13/08/2003,2003,8,13,E2GI,0,vieyos,1.3434,0.15,0.11,0.082,3.96
13/08/2003,2003,8,13,E2GI,10,vieyos,0.832,0.08,0.1,0.012,4.1
13/08/2003,2003,8,13,E2GI,20,vieyos,0.48,0.09,0.1,0,2.7
13/08/2003,2003,8,13,E2GI,30,vieyos,0.2322,0.03,0.03,0,1.45
13/08/2003,2003,8,13,E2GI,40,vieyos,0.7136,0.13,0.11,0,4.38
13/08/2003,2003,8,13,E2GI,50,vieyos,0.1054,0.02,0.09,0,2.25
13/08/2003,2003,8,13,E2GI,75,vieyos,6.174,0.21,0.38,3.05,2.97
13/08/2003,2003,8,13,E2GI,100,vieyos,8.1506,0.16,0.5,4.744,3.51
15/10/2003,2003,10,15,E2GI,0,vieyos,0.1538,0.04,0.18,0,0.74
15/10/2003,2003,10,15,E2GI,10,vieyos,1.1298,0.09,0.11,0.11,0.67
15/10/2003,2003,10,15,E2GI,20,vieyos,0.3332,0.1,0.06,0,0.76
15/10/2003,2003,10,15,E2GI,30,vieyos,1.8274,0.35,0.15,0.152,7.35
15/10/2003,2003,10,15,E2GI,40,vieyos,4.5624,0.18,0.43,2.042,2.29
15/10/2003,2003,10,15,E2GI,50,vieyos,7.3286,0.07,0.46,3.512,0.91
15/10/2003,2003,10,15,E2GI,75,vieyos,8.842,0.05,0.58,4.184,0.51
15/10/2003,2003,10,15,E2GI,100,vieyos,9.0358,0.05,0.57,4.31,0.58
11/11/2003,2003,11,11,E2GI,0,vieyos,0.3034,0.05,0.03,0,0.67
11/11/2003,2003,11,11,E2GI,10,vieyos,0.2122,0.05,0,NA,0.77
11/11/2003,2003,11,11,E2GI,20,vieyos,0.6582,0.06,0,0.236,1.67
11/11/2003,2003,11,11,E2GI,30,vieyos,0.3088,0.17,0,0,2.32
11/11/2003,2003,11,11,E2GI,40,vieyos,0.1594,0.08,0,0,2.29
11/11/2003,2003,11,11,E2GI,50,vieyos,1.6126,0.2,0.02,1.412,3.66
11/11/2003,2003,11,11,E2GI,75,vieyos,2.5802,0.19,0.11,1.776,2
11/11/2003,2003,11,11,E2GI,100,vieyos,6.321,0.12,0.28,3.624,0.76
15/12/2003,2003,12,15,E2GI,0,vieyos,2.9546,0.34,1.64,2.686,2.8
15/12/2003,2003,12,15,E2GI,10,vieyos,3.1524,0.45,0.4,2.266,5.26
15/12/2003,2003,12,15,E2GI,20,vieyos,2.9074,0.41,0.78,2.252,7.21
15/12/2003,2003,12,15,E2GI,30,vieyos,2.8848,0.33,0.87,2.056,0.65
15/12/2003,2003,12,15,E2GI,40,vieyos,2.9304,0.33,0.5,1.832,1
15/12/2003,2003,12,15,E2GI,50,vieyos,3.3508,0.32,0.38,1.916,0.32
15/12/2003,2003,12,15,E2GI,75,vieyos,3.2866,0.35,1.88,1.776,2.06
15/12/2003,2003,12,15,E2GI,100,vieyos,4.0108,0.23,0.56,2.056,0.73
28/01/2004,2004,1,28,E2GI,0,vieyos,4.2965,0.315,0.34,4.59,NA
28/01/2004,2004,1,28,E2GI,10,vieyos,3.494,0.255,0.31,4.04,NA
28/01/2004,2004,1,28,E2GI,20,vieyos,3.9915,0.275,0.31,4.38,NA
28/01/2004,2004,1,28,E2GI,30,vieyos,3.7185,0.295,0.35,4.17,NA
28/01/2004,2004,1,28,E2GI,40,vieyos,3.675,0.235,0.3,4.11,NA
28/01/2004,2004,1,28,E2GI,50,vieyos,3.8405,0.265,0.3,4.25,NA
28/01/2004,2004,1,28,E2GI,75,vieyos,3.746,0.325,0.4,4.1,NA
28/01/2004,2004,1,28,E2GI,100,vieyos,4.1465,0.235,0.33,4.08,NA
16/02/2004,2004,2,16,E2GI,0,vieyos,2.5765,0.195,0.17,2.93,NA
16/02/2004,2004,2,16,E2GI,20,vieyos,2.408,0.145,0.19,2.61,NA
16/02/2004,2004,2,16,E2GI,30,vieyos,3.3225,0.185,0.21,3.05,NA
16/02/2004,2004,2,16,E2GI,40,vieyos,3.6205,0.255,0.55,3.17,NA
16/02/2004,2004,2,16,E2GI,50,vieyos,2.411,0.165,0.19,2.51,NA
16/02/2004,2004,2,16,E2GI,75,vieyos,3.2975,0.095,0.21,2.12,NA
16/02/2004,2004,2,16,E2GI,100,vieyos,4.183,0.095,0.25,2.57,NA
18/03/2004,2004,3,18,E2GI,0,vieyos,0.543,0.055,0.1,3.2,NA
18/03/2004,2004,3,18,E2GI,10,vieyos,0.372,0.065,0.11,3.24,NA
18/03/2004,2004,3,18,E2GI,20,vieyos,0.755,0.165,0.14,3.57,NA
18/03/2004,2004,3,18,E2GI,30,vieyos,2.947,0.365,0.25,4.22,NA
18/03/2004,2004,3,18,E2GI,40,vieyos,3.5305,0.345,0.29,3.69,NA
18/03/2004,2004,3,18,E2GI,50,vieyos,4.146,0.385,0.32,3.78,NA
18/03/2004,2004,3,18,E2GI,75,vieyos,4.999,0.245,0.36,3.77,NA
18/03/2004,2004,3,18,E2GI,100,vieyos,5.4245,0.245,0.41,4.11,NA
13/04/2004,2004,4,13,E2GI,0,vieyos,0.4395,0.055,0.1,2.79,NA
13/04/2004,2004,4,13,E2GI,10,vieyos,0.31,0.035,0.09,2.97,NA
13/04/2004,2004,4,13,E2GI,20,vieyos,1.761,0.125,0.14,2.96,NA
13/04/2004,2004,4,13,E2GI,30,vieyos,2.7985,0.295,0.19,2.94,NA
13/04/2004,2004,4,13,E2GI,40,vieyos,3.3405,0.305,0.22,3.15,NA
13/04/2004,2004,4,13,E2GI,50,vieyos,4.6395,0.455,0.27,3.17,NA
13/04/2004,2004,4,13,E2GI,75,vieyos,5.379,0.325,0.34,3.93,NA
13/04/2004,2004,4,13,E2GI,100,vieyos,7.6095,0.245,0.43,4.8,NA
14/05/2004,2004,5,14,E2GI,0,vieyos,0.4035,0.045,0.08,1.25,NA
14/05/2004,2004,5,14,E2GI,10,vieyos,0.178,0.075,0.07,1.41,NA
14/05/2004,2004,5,14,E2GI,20,vieyos,0.218,0.035,0.08,1.53,NA
14/05/2004,2004,5,14,E2GI,30,vieyos,0.3115,0.045,0.06,1.52,NA
14/05/2004,2004,5,14,E2GI,40,vieyos,0.3345,0.045,0.08,1.77,NA
14/05/2004,2004,5,14,E2GI,50,vieyos,0.438,0.045,0.06,1.43,NA
14/05/2004,2004,5,14,E2GI,75,vieyos,1.0095,0.175,0.12,2.07,NA
14/05/2004,2004,5,14,E2GI,100,vieyos,7.2655,0.175,0.52,5.04,NA
08/06/2004,2004,6,8,E2GI,0,vieyos,0.474,0.055,0.09,2.01,NA
08/06/2004,2004,6,8,E2GI,20,vieyos,0.984,0.235,0.11,1.76,NA
08/06/2004,2004,6,8,E2GI,30,vieyos,2.8005,0.385,0.24,2.03,NA
08/06/2004,2004,6,8,E2GI,40,vieyos,4.368,0.255,0.37,2.28,NA
08/06/2004,2004,6,8,E2GI,50,vieyos,5.179,0.065,0.53,2.87,NA
08/06/2004,2004,6,8,E2GI,75,vieyos,6.132,0.055,0.41,3.29,NA
08/06/2004,2004,6,8,E2GI,100,vieyos,6.9515,0.075,0.4,4.59,NA
12/07/2004,2004,7,12,E2GI,0,vieyos,0.4365,0.035,0.06,1.68,NA
12/07/2004,2004,7,12,E2GI,10,vieyos,0.494,0.035,0.28,1.88,NA
12/07/2004,2004,7,12,E2GI,20,vieyos,0.523,0.075,0.07,1.76,NA
12/07/2004,2004,7,12,E2GI,30,vieyos,0.5055,0.035,0.07,1.94,NA
12/07/2004,2004,7,12,E2GI,40,vieyos,2.3695,0.195,0.17,2.46,NA
12/07/2004,2004,7,12,E2GI,50,vieyos,5.099,0.375,0.44,3.39,NA
12/07/2004,2004,7,12,E2GI,75,vieyos,8.237,0.365,0.52,4.59,NA
12/07/2004,2004,7,12,E2GI,100,vieyos,9.2755,0.235,0.59,5.75,NA
09/08/2004,2004,8,9,E2GI,0,vieyos,0.4655,0.075,0.09,0.98,NA
09/08/2004,2004,8,9,E2GI,20,vieyos,0.402,0.035,0.06,1.17,NA
09/08/2004,2004,8,9,E2GI,30,vieyos,0.8425,0.135,0.11,1.82,NA
09/08/2004,2004,8,9,E2GI,50,vieyos,6.2965,0.385,0.41,3.54,NA
09/08/2004,2004,8,9,E2GI,75,vieyos,6.9045,0.145,0.56,3.78,NA
09/08/2004,2004,8,9,E2GI,100,vieyos,8.132,0.125,0.6,4.62,NA
16/09/2004,2004,9,16,E2GI,0,vieyos,0.3675,0.035,0.08,1.64,NA
16/09/2004,2004,9,16,E2GI,10,vieyos,0.579,0.065,0.15,1.82,NA
16/09/2004,2004,9,16,E2GI,20,vieyos,0.333,0.035,0.11,1.56,NA
16/09/2004,2004,9,16,E2GI,30,vieyos,0.4855,0.055,0.1,2.03,NA
16/09/2004,2004,9,16,E2GI,40,vieyos,0.4265,0.045,0.12,1.86,NA
16/09/2004,2004,9,16,E2GI,50,vieyos,0.4555,0.085,0.12,1.71,NA
16/09/2004,2004,9,16,E2GI,75,vieyos,3.6925,0.045,0.32,2.48,NA
16/09/2004,2004,9,16,E2GI,100,vieyos,6.8895,0.045,0.51,4.44,NA
07/10/2004,2004,10,7,E2GI,0,vieyos,0.8075,0.055,0.11,2.07,NA
07/10/2004,2004,10,7,E2GI,10,vieyos,1.9065,0.175,0.15,2.58,NA
07/10/2004,2004,10,7,E2GI,20,vieyos,3.185,0.265,0.22,3.35,NA
07/10/2004,2004,10,7,E2GI,30,vieyos,5.1355,0.235,0.36,4.16,NA
07/10/2004,2004,10,7,E2GI,40,vieyos,4.5915,0.365,0.4,4.22,NA
07/10/2004,2004,10,7,E2GI,50,vieyos,6.533,0.275,0.48,5.04,NA
07/10/2004,2004,10,7,E2GI,75,vieyos,7.0725,0.115,0.57,5.1,NA
07/10/2004,2004,10,7,E2GI,100,vieyos,7.314,0.115,0.58,5.18,NA
15/11/2004,2004,11,15,E2GI,0,vieyos,2.937,0.145,0.19,2.84,NA
15/11/2004,2004,11,15,E2GI,10,vieyos,1.705,0.135,0.44,2.13,NA
15/11/2004,2004,11,15,E2GI,20,vieyos,0.6355,0.135,0.09,1.46,NA
15/11/2004,2004,11,15,E2GI,30,vieyos,0.598,0.115,0.06,1.28,NA
15/11/2004,2004,11,15,E2GI,40,vieyos,0.539,0.105,0.04,1.05,NA
15/11/2004,2004,11,15,E2GI,50,vieyos,0.6025,0.145,0.03,0.99,NA
15/11/2004,2004,11,15,E2GI,75,vieyos,4.0535,0.075,0.26,2.57,NA
15/11/2004,2004,11,15,E2GI,100,vieyos,6.993,0.045,0.45,4.11,NA
14/12/2004,2004,12,14,E2GI,0,vieyos,1.936,0.23,0.17,2.34,NA
14/12/2004,2004,12,14,E2GI,10,vieyos,2.2196,0.22,0.18,2.418,NA
14/12/2004,2004,12,14,E2GI,20,vieyos,2.288,0.22,0.18,2.433,NA
14/12/2004,2004,12,14,E2GI,30,vieyos,3.7026,0.39,0.2,2.652,NA
14/12/2004,2004,12,14,E2GI,40,vieyos,2.7868,0.2,0.24,2.215,NA
14/12/2004,2004,12,14,E2GI,50,vieyos,5.4032,0.16,0.28,3.042,NA
14/12/2004,2004,12,14,E2GI,75,vieyos,4.5286,0.02,0.3,2.745,NA
14/12/2004,2004,12,14,E2GI,100,vieyos,5.2668,0,0.32,2.87,NA
17/01/2005,2005,1,17,E2GI,0,vieyos,3.049,0.2,0.21,3.042,NA
17/01/2005,2005,1,17,E2GI,10,vieyos,2.3778,0.21,0.21,2.496,NA
17/01/2005,2005,1,17,E2GI,20,vieyos,2.5118,0.19,0.2,2.496,NA
17/01/2005,2005,1,17,E2GI,30,vieyos,2.7342,0.15,0.18,2.4648,NA
17/01/2005,2005,1,17,E2GI,40,vieyos,2.2854,0.12,0.18,2.1684,NA
17/01/2005,2005,1,17,E2GI,50,vieyos,2.133,0.09,0.16,1.9968,NA
17/01/2005,2005,1,17,E2GI,75,vieyos,3.5666,0.07,0.21,2.3868,NA
17/01/2005,2005,1,17,E2GI,100,vieyos,3.94,0.05,0.26,2.5584,NA
14/02/2005,2005,2,14,E2GI,0,vieyos,4.1706,0.15,0.2,2.5428,NA
14/02/2005,2005,2,14,E2GI,10,vieyos,3.967,0.08,0.25,2.4336,NA
14/02/2005,2005,2,14,E2GI,20,vieyos,3.6976,0.11,0.22,2.418,NA
14/02/2005,2005,2,14,E2GI,30,vieyos,3.7162,0.08,0.22,2.3712,NA
14/02/2005,2005,2,14,E2GI,40,vieyos,3.9784,0.08,0.21,2.3556,NA
14/02/2005,2005,2,14,E2GI,50,vieyos,3.9612,0.12,0.25,2.4024,NA
14/02/2005,2005,2,14,E2GI,75,vieyos,3.8886,0.09,0.24,2.262,NA
14/02/2005,2005,2,14,E2GI,100,vieyos,6.5748,0.06,0.42,3.1512,NA
15/03/2005,2005,3,15,E2GI,0,vieyos,3.9156,0.12,0.34,1.7472,NA
15/03/2005,2005,3,15,E2GI,10,vieyos,5.0854,0.17,0.37,2.0592,NA
15/03/2005,2005,3,15,E2GI,20,vieyos,4.6936,0.14,0.33,2.0592,NA
15/03/2005,2005,3,15,E2GI,30,vieyos,5.5372,0.14,0.34,2.3244,NA
15/03/2005,2005,3,15,E2GI,40,vieyos,5.1468,0.12,0.33,2.2152,NA
15/03/2005,2005,3,15,E2GI,50,vieyos,4.5384,0.09,0.33,2.1996,NA
15/03/2005,2005,3,15,E2GI,75,vieyos,6.7256,0.16,0.47,3.1512,NA
15/03/2005,2005,3,15,E2GI,100,vieyos,6.12,0.15,0.41,2.9328,NA
15/04/2005,2005,4,15,E2GI,0,vieyos,0.1254,0,0.07,1.2636,NA
15/04/2005,2005,4,15,E2GI,10,vieyos,0.2222,0.04,0.12,1.2948,NA
15/04/2005,2005,4,15,E2GI,20,vieyos,0.6924,0.06,0.15,1.3572,NA
15/04/2005,2005,4,15,E2GI,30,vieyos,1.315,0.11,0.35,1.482,NA
15/04/2005,2005,4,15,E2GI,40,vieyos,1.5258,0.15,0.31,1.8096,NA
15/04/2005,2005,4,15,E2GI,50,vieyos,2.6656,0.23,0.33,2.184,NA
15/04/2005,2005,4,15,E2GI,75,vieyos,4.7154,0.54,0.38,2.8392,NA
15/04/2005,2005,4,15,E2GI,100,vieyos,5.627,0.7,0.41,3.0108,NA
15/05/2005,2005,5,15,E2GI,0,vieyos,0.171,0,0.05,1.248,NA
15/05/2005,2005,5,15,E2GI,10,vieyos,0.1596,0,0.04,1.2324,NA
15/05/2005,2005,5,15,E2GI,20,vieyos,0.1938,0,0.04,1.248,NA
15/05/2005,2005,5,15,E2GI,30,vieyos,0.5284,0.11,0.15,1.7316,NA
15/05/2005,2005,5,15,E2GI,40,vieyos,0.6764,0.19,0.15,1.9188,NA
15/05/2005,2005,5,15,E2GI,50,vieyos,2.3266,0.17,0.2,2.2308,NA
15/05/2005,2005,5,15,E2GI,75,vieyos,3.8,0.19,0.27,2.652,NA
15/05/2005,2005,5,15,E2GI,100,vieyos,3.937,0.11,0.3,2.6208,NA
07/06/2005,2005,6,7,E2GI,0,vieyos,0.2166,0,0.04,1.2012,NA
07/06/2005,2005,6,7,E2GI,10,vieyos,0.3306,0,0,1.1856,NA
07/06/2005,2005,6,7,E2GI,20,vieyos,0.2508,0,0,1.1388,NA
07/06/2005,2005,6,7,E2GI,30,vieyos,0.285,0,0.05,1.1856,NA
07/06/2005,2005,6,7,E2GI,40,vieyos,2.46,0.39,0.16,1.5288,NA
07/06/2005,2005,6,7,E2GI,50,vieyos,5.6896,0.17,0.31,2.3868,NA
07/06/2005,2005,6,7,E2GI,75,vieyos,6.9026,0.04,0.37,3.6192,NA
07/06/2005,2005,6,7,E2GI,100,vieyos,5.9508,0,0.37,3.276,NA
08/07/2005,2005,7,8,E2GI,0,vieyos,0.2508,0,0.09,0.6084,NA
08/07/2005,2005,7,8,E2GI,10,vieyos,0.2622,0,0.07,0.5928,NA
08/07/2005,2005,7,8,E2GI,20,vieyos,0.2622,0,0.05,0.6084,NA
08/07/2005,2005,7,8,E2GI,30,vieyos,0.2622,0,0.06,0.858,NA
08/07/2005,2005,7,8,E2GI,40,vieyos,0.2736,0,0.08,1.0608,NA
08/07/2005,2005,7,8,E2GI,50,vieyos,6.0314,0.25,0.35,2.2776,NA
08/07/2005,2005,7,8,E2GI,75,vieyos,9.6172,0.05,0.57,3.6036,NA
08/07/2005,2005,7,8,E2GI,100,vieyos,10.428,0.06,0.6,4.2744,NA
02/08/2005,2005,8,2,E2GI,0,vieyos,1.5154,0.32,0,0.4524,NA
02/08/2005,2005,8,2,E2GI,10,vieyos,0.2878,0.02,0,0.4836,NA
02/08/2005,2005,8,2,E2GI,20,vieyos,0.2964,0,0,0.3588,NA
02/08/2005,2005,8,2,E2GI,30,vieyos,1.0698,0.15,0,0.468,NA
02/08/2005,2005,8,2,E2GI,40,vieyos,0.285,0,0,0.5772,NA
02/08/2005,2005,8,2,E2GI,50,vieyos,3.894,0.21,0.16,1.5288,NA
02/08/2005,2005,8,2,E2GI,75,vieyos,6.8306,0.34,0.29,2.6052,NA
02/08/2005,2005,8,2,E2GI,100,vieyos,8.6794,0.11,0.37,3.2292,NA
09/09/2005,2005,9,9,E2GI,0,vieyos,0.279,0.12,0.08,0.468,NA
09/09/2005,2005,9,9,E2GI,10,vieyos,0.171,0,0.09,0.4836,NA
09/09/2005,2005,9,9,E2GI,20,vieyos,0.171,0,0.1,0.6708,NA
09/09/2005,2005,9,9,E2GI,30,vieyos,0.94,0.2,0.14,0.9828,NA
09/09/2005,2005,9,9,E2GI,40,vieyos,0.7408,0.08,0.14,0.8268,NA
09/09/2005,2005,9,9,E2GI,50,vieyos,3.6502,0.26,0.28,1.872,NA
09/09/2005,2005,9,9,E2GI,75,vieyos,7.7652,0.42,0.5,2.5584,NA
09/09/2005,2005,9,9,E2GI,100,vieyos,9.6968,0.13,0.61,3.276,NA
07/11/2005,2005,11,7,E2GI,0,vieyos,0.2408,0.01,0.14,0.8112,NA
07/11/2005,2005,11,7,E2GI,10,vieyos,0.2262,0.15,0.17,0.936,NA
07/11/2005,2005,11,7,E2GI,20,vieyos,0.1838,0.01,0.11,0.8112,NA
07/11/2005,2005,11,7,E2GI,30,vieyos,0.9984,0.21,0.17,1.1856,NA
07/11/2005,2005,11,7,E2GI,40,vieyos,1.1522,0.25,0.16,1.17,NA
07/11/2005,2005,11,7,E2GI,50,vieyos,2.1532,0.56,0.24,1.6224,NA
07/11/2005,2005,11,7,E2GI,75,vieyos,3.7864,1.07,0.34,2.1996,NA
07/11/2005,2005,11,7,E2GI,100,vieyos,4.9394,1,0.43,2.6832,NA
16/12/2005,2005,12,16,E2GI,0,vieyos,3.4294,0.23,0.22,1.6692,NA
16/12/2005,2005,12,16,E2GI,10,vieyos,3.1672,0.23,0.24,1.5756,NA
16/12/2005,2005,12,16,E2GI,20,vieyos,2.8652,0.19,0.2,1.2636,NA
16/12/2005,2005,12,16,E2GI,30,vieyos,2.727,0.18,0.2,1.1232,NA
16/12/2005,2005,12,16,E2GI,40,vieyos,2.8424,0.19,0.19,1.092,NA
16/12/2005,2005,12,16,E2GI,50,vieyos,3.1872,0.21,0.19,1.1544,NA
16/12/2005,2005,12,16,E2GI,75,vieyos,3.126,0.18,0.17,1.1232,NA
16/12/2005,2005,12,16,E2GI,100,vieyos,9.7954,0.02,0.54,2.9172,NA
12/01/2006,2006,1,12,E2GI,0,vieyos,7.0488,0.27,0.49,3.8532,NA
12/01/2006,2006,1,12,E2GI,10,vieyos,5.1668,0.1,0.36,1.9968,NA
12/01/2006,2006,1,12,E2GI,20,vieyos,5.07,0.06,0.36,1.9812,NA
12/01/2006,2006,1,12,E2GI,30,vieyos,4.8634,0.05,0.34,1.7628,NA
12/01/2006,2006,1,12,E2GI,40,vieyos,4.7836,0.05,0.32,1.7316,NA
12/01/2006,2006,1,12,E2GI,50,vieyos,4.7964,0.06,0.31,1.7004,NA
12/01/2006,2006,1,12,E2GI,75,vieyos,5.4748,0.02,0.37,1.9812,NA
12/01/2006,2006,1,12,E2GI,100,vieyos,6.612,0,0.42,2.2152,NA
08/02/2006,2006,2,8,E2GI,0,vieyos,5.2778,0.16,0.37,2.3244,NA
08/02/2006,2006,2,8,E2GI,10,vieyos,5.567,0.19,0.42,2.5272,NA
08/02/2006,2006,2,8,E2GI,20,vieyos,5.748,0.18,0.35,2.6676,NA
08/02/2006,2006,2,8,E2GI,30,vieyos,5.909,0.19,0.39,2.7144,NA
08/02/2006,2006,2,8,E2GI,40,vieyos,5.4986,0.19,0.39,2.6364,NA
08/02/2006,2006,2,8,E2GI,50,vieyos,5.5644,0.09,0.37,2.652,NA
08/02/2006,2006,2,8,E2GI,75,vieyos,6.289,0.38,0.39,2.8704,NA
08/02/2006,2006,2,8,E2GI,100,vieyos,6.2238,0.24,0.47,3.042,NA
16/03/2006,2006,3,16,E2GI,0,vieyos,5.1166,0.23,0.31,2.0748,NA
16/03/2006,2006,3,16,E2GI,10,vieyos,4.806,0.21,0.29,1.9188,NA
16/03/2006,2006,3,16,E2GI,20,vieyos,5.0852,0.25,0.3,1.6848,NA
16/03/2006,2006,3,16,E2GI,30,vieyos,5.8846,0.26,0.35,2.3556,NA
16/03/2006,2006,3,16,E2GI,40,vieyos,5.8504,0.26,0.34,2.4804,NA
16/03/2006,2006,3,16,E2GI,50,vieyos,5.8774,0.29,0.36,2.3556,NA
16/03/2006,2006,3,16,E2GI,75,vieyos,6.1924,0.26,0.37,2.574,NA
16/03/2006,2006,3,16,E2GI,100,vieyos,6.4476,0.21,0.39,2.73,NA
11/04/2006,2006,4,11,E2GI,0,vieyos,2.1914,0.1,0.21,1.0608,NA
11/04/2006,2006,4,11,E2GI,10,vieyos,1.962,0.09,0.22,1.1856,NA
11/04/2006,2006,4,11,E2GI,20,vieyos,1.8452,0.07,0.18,1.0608,NA
11/04/2006,2006,4,11,E2GI,30,vieyos,1.7426,0.07,0.19,0.7644,NA
11/04/2006,2006,4,11,E2GI,40,vieyos,1.8822,0.09,0.17,0.7644,NA
11/04/2006,2006,4,11,E2GI,50,vieyos,2.331,0.12,0.22,0.4992,NA
11/04/2006,2006,4,11,E2GI,75,vieyos,2.8724,0.16,0.25,0.702,NA
11/04/2006,2006,4,11,E2GI,100,vieyos,4.299,0.09,0.33,1.5132,NA
11/05/2006,2006,5,11,E2GI,0,vieyos,1.0628,0.1,0.11,0.6396,NA
11/05/2006,2006,5,11,E2GI,10,vieyos,0.6768,0.03,0.08,0.6084,NA
11/05/2006,2006,5,11,E2GI,20,vieyos,3.093,0.27,0.2,1.2636,NA
11/05/2006,2006,5,11,E2GI,30,vieyos,5.0926,0.71,0.41,1.9656,NA
11/05/2006,2006,5,11,E2GI,40,vieyos,6.4034,1.36,0.47,2.496,NA
11/05/2006,2006,5,11,E2GI,50,vieyos,6.698,1.51,0.48,2.652,NA
11/05/2006,2006,5,11,E2GI,75,vieyos,6.9574,0.92,0.5,3.0108,NA
11/05/2006,2006,5,11,E2GI,100,vieyos,7.2272,0.16,0.53,3.6036,NA
05/06/2006,2006,6,5,E2GI,0,vieyos,0.7352,0.04,0.15,1.014,NA
05/06/2006,2006,6,5,E2GI,10,vieyos,1.7754,0.06,0.11,1.2168,NA
05/06/2006,2006,6,5,E2GI,20,vieyos,3.1718,0.1,0.14,1.2948,NA
05/06/2006,2006,6,5,E2GI,30,vieyos,5.728,0.2,0.24,1.6068,NA
05/06/2006,2006,6,5,E2GI,40,vieyos,7.8342,0.18,0.48,2.1684,NA
05/06/2006,2006,6,5,E2GI,50,vieyos,9.3918,0.15,0.46,3.0108,NA
05/06/2006,2006,6,5,E2GI,75,vieyos,10.5036,0.03,0.5,3.6816,NA
05/06/2006,2006,6,5,E2GI,100,vieyos,10.7088,0.03,0.53,3.9312,NA
11/07/2006,2006,7,11,E2GI,0,vieyos,0.1482,0,0.05,0.5148,NA
11/07/2006,2006,7,11,E2GI,10,vieyos,0.1482,0,0.03,0.4368,NA
11/07/2006,2006,7,11,E2GI,20,vieyos,0.114,0,0.03,0.4992,NA
11/07/2006,2006,7,11,E2GI,30,vieyos,0.171,0,0.03,0.5304,NA
11/07/2006,2006,7,11,E2GI,40,vieyos,2.9808,0.12,0.22,0.9984,NA
11/07/2006,2006,7,11,E2GI,50,vieyos,7.8724,0.29,0.42,1.8564,NA
11/07/2006,2006,7,11,E2GI,75,vieyos,10.5122,0.01,0.56,3.5256,NA
11/07/2006,2006,7,11,E2GI,100,vieyos,11.4798,0,0.6,4.4148,NA
08/08/2006,2006,8,8,E2GI,0,vieyos,0.2622,0,0.03,0.4992,NA
08/08/2006,2006,8,8,E2GI,10,vieyos,0.1596,0,0.01,0.4368,NA
08/08/2006,2006,8,8,E2GI,20,vieyos,0.171,0,0.01,0.4212,NA
08/08/2006,2006,8,8,E2GI,30,vieyos,3.6958,0.26,0.22,1.014,NA
08/08/2006,2006,8,8,E2GI,40,vieyos,7.9848,0.36,0.44,2.5116,NA
08/08/2006,2006,8,8,E2GI,50,vieyos,8.9116,0.14,0.47,3.2604,NA
08/08/2006,2006,8,8,E2GI,75,vieyos,10.287,0.03,0.55,3.7284,NA
08/08/2006,2006,8,8,E2GI,100,vieyos,10.9896,0,0.58,4.1496,NA
07/09/2006,2006,9,7,E2GI,0,vieyos,0.1482,0,0.02,0.5928,NA
07/09/2006,2006,9,7,E2GI,10,vieyos,0.1596,0,0,0.4836,NA
07/09/2006,2006,9,7,E2GI,20,vieyos,0.2508,0,0,0.4212,NA
07/09/2006,2006,9,7,E2GI,30,vieyos,0.228,0,0.01,0.5616,NA
07/09/2006,2006,9,7,E2GI,40,vieyos,1.5116,0.13,0.09,1.014,NA
07/09/2006,2006,9,7,E2GI,50,vieyos,5.5534,0.5,0.3,1.6068,NA
07/09/2006,2006,9,7,E2GI,75,vieyos,8.8876,0.05,0.42,2.9328,NA
07/09/2006,2006,9,7,E2GI,100,vieyos,10.7388,0,0.54,4.4304,NA
16/10/2006,2006,10,16,E2GI,0,vieyos,0.1482,0,0.15,0.255,0.74
16/10/2006,2006,10,16,E2GI,10,vieyos,0.1254,0,0.14,0.33,0.99
16/10/2006,2006,10,16,E2GI,20,vieyos,0.2394,0,0.13,0.33,0.94
16/10/2006,2006,10,16,E2GI,30,vieyos,0.2508,0,0.13,0.42,0.88
16/10/2006,2006,10,16,E2GI,40,vieyos,0.342,0,0.12,0.405,0.95
16/10/2006,2006,10,16,E2GI,50,vieyos,1.6992,0.33,0.19,0.93,1.04
16/10/2006,2006,10,16,E2GI,75,vieyos,5.2764,0.15,0.32,1.935,1.19
16/10/2006,2006,10,16,E2GI,100,vieyos,7.1606,0.01,0.48,3.03,1.29
09/11/2006,2006,11,9,E2GI,0,vieyos,0.7148,0.22,0.17,1.305,1.1
09/11/2006,2006,11,9,E2GI,10,vieyos,0.5994,0.21,0.17,1.32,0.94
09/11/2006,2006,11,9,E2GI,20,vieyos,0.8032,0.2,0.22,1.425,1.49
09/11/2006,2006,11,9,E2GI,30,vieyos,0.796,0.23,0.18,1.395,1.48
09/11/2006,2006,11,9,E2GI,40,vieyos,1.142,0.34,0.25,1.605,1.1
09/11/2006,2006,11,9,E2GI,50,vieyos,1.8518,0.28,1.03,2.205,1.39
09/11/2006,2006,11,9,E2GI,75,vieyos,4.0236,0.24,0.5,2.52,0.93
09/11/2006,2006,11,9,E2GI,100,vieyos,5.5202,0.1,0.51,2.7,0.79
19/12/2006,2006,12,19,E2GI,0,vieyos,3.0716,0.28,0.24,2.55,0.61
19/12/2006,2006,12,19,E2GI,10,vieyos,2.2796,0.16,0.22,2.01,1.02
19/12/2006,2006,12,19,E2GI,20,vieyos,2.3224,0.14,0.26,2.01,0.91
19/12/2006,2006,12,19,E2GI,30,vieyos,2.0048,0.07,0.2,1.725,0.82
19/12/2006,2006,12,19,E2GI,40,vieyos,2.1032,0.04,0.21,1.74,0.65
19/12/2006,2006,12,19,E2GI,50,vieyos,2.24,0.04,0.22,1.845,1.1
19/12/2006,2006,12,19,E2GI,75,vieyos,3.0878,0.07,0.33,2.13,1.53
19/12/2006,2006,12,19,E2GI,100,vieyos,6.4638,0,0.43,3.045,1.41
19/01/2007,2007,1,19,E2GI,0,vieyos,2.9148,0.3,0.34,1.68,0.6
19/01/2007,2007,1,19,E2GI,10,vieyos,1.6854,0.15,0.32,1.02,0.66
19/01/2007,2007,1,19,E2GI,20,vieyos,3.0528,0.39,0.43,1.95,1.26
19/01/2007,2007,1,19,E2GI,30,vieyos,2.701,0.32,0.35,1.65,1.45
19/01/2007,2007,1,19,E2GI,40,vieyos,2.57,0.28,0.3,1.545,1.32
19/01/2007,2007,1,19,E2GI,50,vieyos,2.6784,0.24,0.3,1.65,1
19/01/2007,2007,1,19,E2GI,75,vieyos,2.62,0.23,0.27,1.47,1.13
19/01/2007,2007,1,19,E2GI,100,vieyos,1.9318,0.2,0.3,1.275,2.06
13/02/2007,2007,2,13,E2GI,0,vieyos,3.9954,0.12,0.36,1.875,1.65
13/02/2007,2007,2,13,E2GI,10,vieyos,4.088,0.13,0.35,1.905,1.31
13/02/2007,2007,2,13,E2GI,20,vieyos,3.89,0.1,0.33,1.89,1.08
13/02/2007,2007,2,13,E2GI,30,vieyos,3.6036,0.09,0.32,2.01,1.05
13/02/2007,2007,2,13,E2GI,40,vieyos,3.8672,0.1,0.29,1.95,0.93
13/02/2007,2007,2,13,E2GI,50,vieyos,3.9284,0.13,0.57,2.04,1.13
13/02/2007,2007,2,13,E2GI,75,vieyos,3.8956,0.14,0.34,2.04,1.26
13/02/2007,2007,2,13,E2GI,100,vieyos,3.937,0.11,0.33,2.13,1.1
14/03/2007,2007,3,14,E2GI,0,vieyos,4.0702,0.41,0.39,2.895,5
14/03/2007,2007,3,14,E2GI,10,vieyos,3.2826,0.24,0.31,2.295,3.8
14/03/2007,2007,3,14,E2GI,20,vieyos,4.498,0.29,0.47,2.94,1.22
14/03/2007,2007,3,14,E2GI,30,vieyos,3.317,0.16,0.41,2.13,1.85
14/03/2007,2007,3,14,E2GI,40,vieyos,3.9226,0.17,0.39,2.4,1.13
14/03/2007,2007,3,14,E2GI,50,vieyos,3.3584,0.13,0.36,1.95,0.86
14/03/2007,2007,3,14,E2GI,75,vieyos,4.8986,0.22,0.46,2.565,1
14/03/2007,2007,3,14,E2GI,100,vieyos,4.7462,0.19,0.43,2.205,2
20/04/2007,2007,4,20,E2GI,0,vieyos,0.1368,0,0.12,0,NA
20/04/2007,2007,4,20,E2GI,10,vieyos,0.1368,0,0.11,0,NA
20/04/2007,2007,4,20,E2GI,20,vieyos,1.5386,0.16,0.18,0,NA
20/04/2007,2007,4,20,E2GI,30,vieyos,2.1694,0.35,0.2,0.165,NA
20/04/2007,2007,4,20,E2GI,40,vieyos,2.7822,0.33,0.26,0.315,NA
20/04/2007,2007,4,20,E2GI,50,vieyos,3.0748,0.14,0.29,0.465,NA
20/04/2007,2007,4,20,E2GI,75,vieyos,4.1952,0,0.33,0.705,NA
20/04/2007,2007,4,20,E2GI,100,vieyos,6.5094,0,0.47,1.665,NA
18/05/2007,2007,5,18,E2GI,0,vieyos,0.9276,0.03,0.09,0,NA
18/05/2007,2007,5,18,E2GI,10,vieyos,1.0088,0.04,0.1,0.015,NA
18/05/2007,2007,5,18,E2GI,20,vieyos,1.1172,0,0.11,0.075,NA
18/05/2007,2007,5,18,E2GI,30,vieyos,1.026,0,0.1,0.03,NA
18/05/2007,2007,5,18,E2GI,40,vieyos,1.0488,0,0.1,0.03,NA
18/05/2007,2007,5,18,E2GI,50,vieyos,1.3694,0.01,0.11,0.045,NA
18/05/2007,2007,5,18,E2GI,75,vieyos,2.8768,0.11,0.28,0.735,NA
18/05/2007,2007,5,18,E2GI,100,vieyos,6.6674,0.07,0.48,2.7,NA
12/06/2007,2007,6,12,E2GI,0,vieyos,1.0032,0,0.08,0,NA
12/06/2007,2007,6,12,E2GI,10,vieyos,0.9804,0,0.08,0,NA
12/06/2007,2007,6,12,E2GI,20,vieyos,1.0032,0,0.08,0.015,NA
12/06/2007,2007,6,12,E2GI,30,vieyos,1.0032,0,0.08,0.03,NA
12/06/2007,2007,6,12,E2GI,40,vieyos,0.9918,0,0.1,0.24,NA
12/06/2007,2007,6,12,E2GI,50,vieyos,1.5944,0.07,0.14,0.285,NA
12/06/2007,2007,6,12,E2GI,75,vieyos,3.4584,0.03,0.25,1.17,NA
12/06/2007,2007,6,12,E2GI,100,vieyos,6.877,0.02,0.51,2.76,NA
12/07/2007,2007,7,12,E2GI,0,vieyos,0.4104,0,0.09,0,NA
12/07/2007,2007,7,12,E2GI,10,vieyos,0.3534,0,0.08,0,NA
12/07/2007,2007,7,12,E2GI,20,vieyos,0.4104,0,0.09,0,NA
12/07/2007,2007,7,12,E2GI,30,vieyos,0.3762,0,0.1,0.195,NA
12/07/2007,2007,7,12,E2GI,40,vieyos,0.399,0,0.09,0.09,NA
12/07/2007,2007,7,12,E2GI,50,vieyos,1.278,0.09,0.16,0.3,NA
12/07/2007,2007,7,12,E2GI,75,vieyos,5.5632,0,0.36,1.305,NA
12/07/2007,2007,7,12,E2GI,100,vieyos,9.167,0.01,0.57,2.82,NA
07/08/2007,2007,8,7,E2GI,0,vieyos,0.627,0,0.07,0,NA
07/08/2007,2007,8,7,E2GI,10,vieyos,0.5586,0,0.33,0,NA
07/08/2007,2007,8,7,E2GI,20,vieyos,0.741,0,0.12,0,NA
07/08/2007,2007,8,7,E2GI,30,vieyos,0.6042,0,0.11,0.135,NA
07/08/2007,2007,8,7,E2GI,40,vieyos,0.6156,0,0.1,0,NA
07/08/2007,2007,8,7,E2GI,50,vieyos,2.019,0.09,0.43,0.36,NA
07/08/2007,2007,8,7,E2GI,75,vieyos,7.3102,0.02,0.53,2.445,NA
07/08/2007,2007,8,7,E2GI,100,vieyos,9.8168,0.01,0.61,3.165,NA
10/09/2007,2007,9,10,E2GI,0,vieyos,1.2354,0.03,0.1,0,NA
10/09/2007,2007,9,10,E2GI,10,vieyos,1.7584,0.02,0.11,0.09,NA
10/09/2007,2007,9,10,E2GI,20,vieyos,3.5966,0.04,0.2,0.525,NA
10/09/2007,2007,9,10,E2GI,30,vieyos,5.234,0.01,0.33,0.99,NA
10/09/2007,2007,9,10,E2GI,40,vieyos,6.4296,0,0.4,1.575,NA
10/09/2007,2007,9,10,E2GI,50,vieyos,6.9996,0,0.45,1.86,NA
10/09/2007,2007,9,10,E2GI,75,vieyos,7.2162,0,0.48,2.055,NA
10/09/2007,2007,9,10,E2GI,100,vieyos,7.8432,0,0.52,2.415,NA
08/10/2007,2007,10,8,E2GI,0,vieyos,0.3192,0,0.16,0,1.04
08/10/2007,2007,10,8,E2GI,10,vieyos,0.7068,0,0.14,0.06,1.87
08/10/2007,2007,10,8,E2GI,20,vieyos,0.855,0,0.1,0.06,0.27
08/10/2007,2007,10,8,E2GI,30,vieyos,1.1742,0,0.14,0.15,0.3
08/10/2007,2007,10,8,E2GI,40,vieyos,3.0836,0.04,0.19,0.48,0.43
08/10/2007,2007,10,8,E2GI,50,vieyos,4.145,0.13,0.28,0.885,0.29
08/10/2007,2007,10,8,E2GI,75,vieyos,8.4766,0.29,0.54,3.075,0.37
08/10/2007,2007,10,8,E2GI,100,vieyos,9.2516,0.37,0.58,3.75,0.23
12/11/2007,2007,11,12,E2GI,0,vieyos,2.9124,0.12,0.26,2.175,0.5
12/11/2007,2007,11,12,E2GI,10,vieyos,2.331,0.12,0.25,2.325,0.35
12/11/2007,2007,11,12,E2GI,20,vieyos,3.2672,0.13,0.3,2.415,0.23
12/11/2007,2007,11,12,E2GI,30,vieyos,5.3676,0.15,0.42,2.925,0.28
12/11/2007,2007,11,12,E2GI,40,vieyos,6.991,0.02,0.48,3.285,0.29
12/11/2007,2007,11,12,E2GI,50,vieyos,8.0028,0,0.56,3.81,0.21
12/11/2007,2007,11,12,E2GI,75,vieyos,8.778,0,0.66,4.08,0.55
12/11/2007,2007,11,12,E2GI,100,vieyos,8.8692,0,0.65,4.56,1.02
17/12/2007,2007,12,17,E2GI,0,vieyos,5.1186,0.57,0.31,2.46,NA
17/12/2007,2007,12,17,E2GI,10,vieyos,5.1556,0.59,0.46,2.445,NA
17/12/2007,2007,12,17,E2GI,20,vieyos,5.1142,0.62,0.3,2.145,NA
17/12/2007,2007,12,17,E2GI,30,vieyos,4.2594,0.54,0.3,2.385,NA
17/12/2007,2007,12,17,E2GI,40,vieyos,5.6316,0.57,0.28,2.16,NA
17/12/2007,2007,12,17,E2GI,50,vieyos,4.4174,0.61,0.31,2.16,NA
17/12/2007,2007,12,17,E2GI,75,vieyos,4.5658,0.53,0.35,2.325,NA
17/12/2007,2007,12,17,E2GI,100,vieyos,7.378,0.26,0.5,3.87,NA
23/01/2008,2008,1,23,E2GI,0,vieyos,4.4688,0,0.29,2.76,0.2
23/01/2008,2008,1,23,E2GI,10,vieyos,4.4574,0,0.32,3.03,0.23
23/01/2008,2008,1,23,E2GI,20,vieyos,4.6398,0,0.3,3.09,0.6
23/01/2008,2008,1,23,E2GI,30,vieyos,4.6626,0,0.32,2.925,0.69
23/01/2008,2008,1,23,E2GI,40,vieyos,4.6854,0,0.31,2.97,0.42
23/01/2008,2008,1,23,E2GI,50,vieyos,4.7424,0,0.38,3.12,1.3
23/01/2008,2008,1,23,E2GI,75,vieyos,5.8338,0.06,0.39,5.13,1.38
23/01/2008,2008,1,23,E2GI,100,vieyos,5.415,0,0.39,3.51,2.29
20/02/2008,2008,2,20,E2GI,0,vieyos,3.1234,0.08,0.3,1.155,NA
20/02/2008,2008,2,20,E2GI,10,vieyos,2.9282,0.07,0.28,0.945,NA
20/02/2008,2008,2,20,E2GI,20,vieyos,3.317,0.16,0.27,1.1625,NA
20/02/2008,2008,2,20,E2GI,30,vieyos,4.4496,0.27,0.34,1.38,NA
20/02/2008,2008,2,20,E2GI,40,vieyos,4.4326,0.23,0.34,1.575,NA
20/02/2008,2008,2,20,E2GI,50,vieyos,4.6406,0.25,0.35,1.77,NA
20/02/2008,2008,2,20,E2GI,75,vieyos,4.7134,0.2,0.35,1.86,NA
20/02/2008,2008,2,20,E2GI,100,vieyos,4.776,0.24,0.42,1.83,NA
14/03/2008,2008,3,14,E2GI,0,vieyos,3.3498,0.15,0.4,0.21,NA
14/03/2008,2008,3,14,E2GI,10,vieyos,3.7032,0.15,0.37,0.225,NA
14/03/2008,2008,3,14,E2GI,20,vieyos,4.0124,0.16,0.42,0.165,NA
14/03/2008,2008,3,14,E2GI,30,vieyos,3.8556,0.18,0.38,0.27,NA
14/03/2008,2008,3,14,E2GI,40,vieyos,3.3882,0.18,0.41,0.225,NA
14/03/2008,2008,3,14,E2GI,50,vieyos,3.4024,0.2,0.42,0.27,NA
14/03/2008,2008,3,14,E2GI,75,vieyos,3.6276,0.18,0.41,0.165,NA
14/03/2008,2008,3,14,E2GI,100,vieyos,3.374,0.16,0.38,0.45,NA
24/04/2008,2008,4,24,E2GI,0,vieyos,0.8888,0.16,0.14,2.115,NA
24/04/2008,2008,4,24,E2GI,10,vieyos,1.4172,0.12,0.16,2.19,NA
24/04/2008,2008,4,24,E2GI,20,vieyos,1.9456,0.38,0.18,1.365,NA
24/04/2008,2008,4,24,E2GI,30,vieyos,2.8022,0.31,0.24,1.44,NA
24/04/2008,2008,4,24,E2GI,40,vieyos,2.3264,0.25,0.25,2.175,NA
24/04/2008,2008,4,24,E2GI,50,vieyos,2.406,0.33,0.24,1.92,NA
24/04/2008,2008,4,24,E2GI,75,vieyos,3.0018,0.27,0.21,1.515,NA
24/04/2008,2008,4,24,E2GI,100,vieyos,4.2468,0.45,0.31,1.8,NA
10/06/2008,2008,6,10,E2GI,0,vieyos,0.3762,0,0.1,1.095,NA
10/06/2008,2008,6,10,E2GI,10,vieyos,0.3876,0,0.09,1.095,NA
10/06/2008,2008,6,10,E2GI,20,vieyos,0.342,0,0.08,1.23,NA
10/06/2008,2008,6,10,E2GI,30,vieyos,0.3306,0,0.09,1.155,NA
10/06/2008,2008,6,10,E2GI,40,vieyos,0.2622,0,0.1,1.35,NA
10/06/2008,2008,6,10,E2GI,50,vieyos,0.1104,0.3,0.18,1.35,NA
10/06/2008,2008,6,10,E2GI,75,vieyos,2.8296,1.32,0.34,2.43,NA
10/06/2008,2008,6,10,E2GI,100,vieyos,4.729,0.23,0.34,2.67,NA
09/07/2008,2008,7,9,E2GI,0,vieyos,0.272,0.07,0.17,0.885,NA
09/07/2008,2008,7,9,E2GI,10,vieyos,0.2736,0,0.15,0.825,NA
09/07/2008,2008,7,9,E2GI,20,vieyos,0.2622,0,0.09,0.825,NA
09/07/2008,2008,7,9,E2GI,30,vieyos,0.342,0,0.12,0.885,NA
09/07/2008,2008,7,9,E2GI,40,vieyos,0.3832,0.05,0.12,0.93,NA
09/07/2008,2008,7,9,E2GI,50,vieyos,0.285,0,0.12,0.885,NA
09/07/2008,2008,7,9,E2GI,75,vieyos,5.0714,0.07,0.39,2.49,NA
09/07/2008,2008,7,9,E2GI,100,vieyos,5.8806,0.15,0.39,3.225,NA
06/08/2008,2008,8,6,E2GI,0,vieyos,0.171,0,0.02,0.15,NA
06/08/2008,2008,8,6,E2GI,10,vieyos,0.1368,0,0.04,0.15,NA
06/08/2008,2008,8,6,E2GI,20,vieyos,0.1596,0,0.03,0.15,NA
06/08/2008,2008,8,6,E2GI,30,vieyos,0.2736,0,0.04,0.27,NA
06/08/2008,2008,8,6,E2GI,40,vieyos,0.171,0,0.02,0.405,NA
06/08/2008,2008,8,6,E2GI,50,vieyos,0.1482,0,0.01,0.54,NA
06/08/2008,2008,8,6,E2GI,75,vieyos,5.1314,0.01,0.37,1.62,NA
06/08/2008,2008,8,6,E2GI,100,vieyos,7.5596,0.01,0.57,3.18,NA
17/09/2008,2008,9,17,E2GI,0,vieyos,1.2326,0.01,0.1,0.495,NA
17/09/2008,2008,9,17,E2GI,10,vieyos,0.7638,0,0.12,0.42,NA
17/09/2008,2008,9,17,E2GI,20,vieyos,0.7708,0.05,0.14,0.39,NA
17/09/2008,2008,9,17,E2GI,30,vieyos,1.6412,0.16,0.18,1.035,NA
17/09/2008,2008,9,17,E2GI,40,vieyos,3.2876,0.52,0.35,1.755,NA
17/09/2008,2008,9,17,E2GI,50,vieyos,4.5604,0.41,0.38,1.845,NA
17/09/2008,2008,9,17,E2GI,75,vieyos,5.5226,0.28,0.47,2.595,NA
17/09/2008,2008,9,17,E2GI,100,vieyos,6.2568,0.15,0.46,3.315,NA
15/10/2008,2008,10,15,E2GI,0,vieyos,0.779,0.19,0.1,0.375,NA
15/10/2008,2008,10,15,E2GI,10,vieyos,0.7892,0.1,0.11,0.405,NA
15/10/2008,2008,10,15,E2GI,20,vieyos,0.612,0.3,0.12,0.285,NA
15/10/2008,2008,10,15,E2GI,30,vieyos,0.4478,0.43,0.15,0.315,NA
15/10/2008,2008,10,15,E2GI,40,vieyos,2.0048,0.64,0.16,0.63,NA
15/10/2008,2008,10,15,E2GI,50,vieyos,3.1522,0.53,0.23,1.065,NA
15/10/2008,2008,10,15,E2GI,75,vieyos,11.378,0.25,0.42,2.595,NA
15/10/2008,2008,10,15,E2GI,100,vieyos,13.6108,0.32,0.48,3.585,NA
19/11/2008,2008,11,19,E2GI,0,vieyos,2.8554,0.12,0.16,1.545,NA
19/11/2008,2008,11,19,E2GI,10,vieyos,1.0856,0.1,0.16,0.795,NA
19/11/2008,2008,11,19,E2GI,20,vieyos,0.8236,0.02,0.15,0.51,NA
19/11/2008,2008,11,19,E2GI,30,vieyos,1.6188,0,0.14,0.84,NA
19/11/2008,2008,11,19,E2GI,40,vieyos,0.6726,0,0.17,0.51,NA
19/11/2008,2008,11,19,E2GI,50,vieyos,0.513,0,0.15,0.42,NA
19/11/2008,2008,11,19,E2GI,75,vieyos,1.6286,0.07,0.21,0.615,NA
19/11/2008,2008,11,19,E2GI,100,vieyos,5.9508,0,0.38,3,NA
15/01/2009,2009,1,15,E2GI,0,vieyos,3.9654,0.15,0.28,2.49,NA
15/01/2009,2009,1,15,E2GI,10,vieyos,3.964,0.14,0.29,2.505,NA
15/01/2009,2009,1,15,E2GI,20,vieyos,4.8414,0.3,0.32,2.31,NA
15/01/2009,2009,1,15,E2GI,30,vieyos,4.0922,0.16,0.29,2.145,NA
15/01/2009,2009,1,15,E2GI,40,vieyos,4.4242,0.17,0.31,2.01,NA
15/01/2009,2009,1,15,E2GI,50,vieyos,5.4588,0.15,0.38,2.61,NA
15/01/2009,2009,1,15,E2GI,75,vieyos,7.246,0.05,0.43,3.465,NA
15/01/2009,2009,1,15,E2GI,100,vieyos,8.0254,0.08,0.47,3.45,NA
13/02/2009,2009,2,13,E2GI,0,vieyos,7.4722,0.2,0.5,4.98,NA
13/02/2009,2009,2,13,E2GI,10,vieyos,8.0978,0.19,0.51,5.325,NA
13/02/2009,2009,2,13,E2GI,20,vieyos,5.7112,0.08,0.47,2.97,NA
13/02/2009,2009,2,13,E2GI,30,vieyos,7.8172,0.14,0.56,4.32,NA
13/02/2009,2009,2,13,E2GI,40,vieyos,8.0866,0.11,0.56,3.885,NA
13/02/2009,2009,2,13,E2GI,50,vieyos,8.1038,0.07,0.55,3.765,NA
13/02/2009,2009,2,13,E2GI,75,vieyos,5.1784,0.02,0.37,1.905,NA
13/02/2009,2009,2,13,E2GI,100,vieyos,5.1656,0.01,0.4,1.86,NA
17/03/2009,2009,3,17,E2GI,0,vieyos,4.7434,0.17,0.37,1.5,NA
17/03/2009,2009,3,17,E2GI,10,vieyos,4.6146,0.39,0.36,1.575,NA
17/03/2009,2009,3,17,E2GI,20,vieyos,4.6992,0.18,0.39,1.5,NA
17/03/2009,2009,3,17,E2GI,30,vieyos,4.7206,0.17,0.39,1.41,NA
17/03/2009,2009,3,17,E2GI,40,vieyos,4.3188,0.15,0.34,1.08,NA
17/03/2009,2009,3,17,E2GI,50,vieyos,3.8472,0.12,0.33,0.825,NA
17/03/2009,2009,3,17,E2GI,75,vieyos,4.9398,0.27,0.4,1.245,NA
17/03/2009,2009,3,17,E2GI,100,vieyos,4.3856,0.22,0.41,1.065,NA
06/05/2009,2009,5,6,E2GI,0,vieyos,1.3124,0.01,0.13,0.255,NA
06/05/2009,2009,5,6,E2GI,10,vieyos,0.892,0.02,0.11,0.15,NA
06/05/2009,2009,5,6,E2GI,20,vieyos,0.5086,0.05,0.12,0.12,NA
06/05/2009,2009,5,6,E2GI,40,vieyos,0.4344,0.09,0.16,0.51,NA
06/05/2009,2009,5,6,E2GI,75,vieyos,2.4694,0.05,0.42,1.17,NA
06/05/2009,2009,5,6,E2GI,100,vieyos,3.742,0.02,0.44,2.19,NA
08/06/2009,2009,6,8,E2GI,0,vieyos,1.1058,0,0.16,0.12,NA
08/06/2009,2009,6,8,E2GI,10,vieyos,0.3738,0.39,0.15,0.195,NA
08/06/2009,2009,6,8,E2GI,20,vieyos,0.403,0.11,0.15,0.09,NA
08/06/2009,2009,6,8,E2GI,30,vieyos,0.434,0.25,0.17,0.09,NA
08/06/2009,2009,6,8,E2GI,40,vieyos,3.6802,0.23,0.38,0.855,NA
08/06/2009,2009,6,8,E2GI,50,vieyos,6.1848,0.45,0.52,3.165,NA
08/06/2009,2009,6,8,E2GI,75,vieyos,7.4504,0.37,0.55,3.555,NA
08/06/2009,2009,6,8,E2GI,100,vieyos,8.6576,0.28,0.56,3.99,NA
14/07/2009,2009,7,14,E2GI,0,vieyos,0.614,0.07,0.19,0.195,NA
14/07/2009,2009,7,14,E2GI,10,vieyos,0.5928,0,0.16,0.165,NA
14/07/2009,2009,7,14,E2GI,20,vieyos,0.456,0,0.13,0.045,NA
14/07/2009,2009,7,14,E2GI,30,vieyos,0.456,0,0.13,0.09,NA
14/07/2009,2009,7,14,E2GI,40,vieyos,0.5854,0.11,0.19,0.51,NA
14/07/2009,2009,7,14,E2GI,50,vieyos,0.456,0,0.16,0.3,NA
14/07/2009,2009,7,14,E2GI,75,vieyos,5.0572,0.05,0.45,1.935,NA
14/07/2009,2009,7,14,E2GI,100,vieyos,6.1218,0,0.51,3.525,NA
06/08/2009,2009,8,6,E2GI,0,vieyos,1.083,0,0.07,0.21,NA
06/08/2009,2009,8,6,E2GI,10,vieyos,1.4834,0.01,0.06,0.3,NA
06/08/2009,2009,8,6,E2GI,20,vieyos,1.2996,0,0.07,0.27,NA
06/08/2009,2009,8,6,E2GI,30,vieyos,1.2198,0,0.06,0.495,NA
06/08/2009,2009,8,6,E2GI,40,vieyos,1.4706,0,0.07,0.285,NA
06/08/2009,2009,8,6,E2GI,50,vieyos,2.3754,0.03,0.12,0.435,NA
06/08/2009,2009,8,6,E2GI,75,vieyos,7.1376,0.09,0.34,1.155,NA
06/08/2009,2009,8,6,E2GI,100,vieyos,14.3526,0,0.62,4.755,NA
11/09/2009,2009,9,11,E2GI,0,vieyos,0.5814,0,0.14,0.87,NA
11/09/2009,2009,9,11,E2GI,10,vieyos,0.342,0,0.12,0.63,NA
11/09/2009,2009,9,11,E2GI,20,vieyos,0.2964,0,0.12,0.885,NA
11/09/2009,2009,9,11,E2GI,30,vieyos,1.1196,0.18,0.2,1.08,NA
11/09/2009,2009,9,11,E2GI,40,vieyos,4.8998,0.31,0.4,1.965,NA
11/09/2009,2009,9,11,E2GI,50,vieyos,7.1534,0.04,0.49,2.355,NA
11/09/2009,2009,9,11,E2GI,75,vieyos,9.053,0.01,0.58,3.18,NA
11/09/2009,2009,9,11,E2GI,100,vieyos,10.83,0,0.73,4.53,NA
19/10/2009,2009,10,19,E2GI,0,vieyos,5.1222,0.27,0.35,1.32,NA
19/10/2009,2009,10,19,E2GI,10,vieyos,4.461,0.27,0.36,1.26,NA
19/10/2009,2009,10,19,E2GI,20,vieyos,5.8788,0.3,0.45,1.95,NA
19/10/2009,2009,10,19,E2GI,30,vieyos,8.24,0.31,0.58,3.135,NA
19/10/2009,2009,10,19,E2GI,40,vieyos,10.0788,0.09,0.69,3.675,NA
19/10/2009,2009,10,19,E2GI,50,vieyos,11.4584,0.01,0.74,4.215,NA
19/10/2009,2009,10,19,E2GI,75,vieyos,12.3918,0,0.75,4.71,NA
19/10/2009,2009,10,19,E2GI,100,vieyos,12.4388,0.01,0.78,4.77,NA
17/11/2009,2009,11,17,E2GI,0,vieyos,2.3154,0.66,0.35,1.68,NA
17/11/2009,2009,11,17,E2GI,10,vieyos,2.16,0.69,0.39,1.65,NA
17/11/2009,2009,11,17,E2GI,20,vieyos,2.3094,0.78,0.36,1.71,NA
17/11/2009,2009,11,17,E2GI,30,vieyos,2.4474,0.87,0.36,1.695,NA
17/11/2009,2009,11,17,E2GI,40,vieyos,2.1284,0.79,0.32,1.32,NA
17/11/2009,2009,11,17,E2GI,50,vieyos,1.5276,0.57,0.25,0.795,NA
17/11/2009,2009,11,17,E2GI,75,vieyos,1.4494,0.5,0.22,0.585,NA
17/11/2009,2009,11,17,E2GI,100,vieyos,3.945,0.9,0.43,1.62,NA
10/12/2009,2009,12,10,E2GI,0,vieyos,2.6994,0.39,0.26,1.74,NA
10/12/2009,2009,12,10,E2GI,10,vieyos,4.4442,0.72,0.39,2.82,NA
10/12/2009,2009,12,10,E2GI,20,vieyos,4.2318,0.18,0.37,1.875,NA
10/12/2009,2009,12,10,E2GI,30,vieyos,4.2092,0.1,0.39,1.785,NA
10/12/2009,2009,12,10,E2GI,40,vieyos,4.1878,0.11,0.4,1.89,NA
10/12/2009,2009,12,10,E2GI,50,vieyos,4.138,0.08,0.39,1.665,NA
10/12/2009,2009,12,10,E2GI,75,vieyos,3.8102,0.1,0.36,1.485,NA
10/12/2009,2009,12,10,E2GI,100,vieyos,3.786,0.09,0.37,1.695,NA
19/01/2010,2010,1,19,E2GI,0,vieyos,5.2692,0.18,0.41,6.06,NA
19/01/2010,2010,1,19,E2GI,10,vieyos,5.0768,0.19,0.41,4.695,NA
19/01/2010,2010,1,19,E2GI,20,vieyos,4.7636,0.07,0.44,3.405,NA
19/01/2010,2010,1,19,E2GI,30,vieyos,4.5184,0.11,0.4,2.985,NA
19/01/2010,2010,1,19,E2GI,40,vieyos,4.2122,0.04,0.4,2.79,NA
19/01/2010,2010,1,19,E2GI,50,vieyos,4.2478,0.05,0.41,2.775,NA
19/01/2010,2010,1,19,E2GI,75,vieyos,4.2904,0.11,0.4,2.73,NA
19/01/2010,2010,1,19,E2GI,100,vieyos,4.3432,0.08,0.4,2.955,NA
17/02/2010,2010,2,17,E2GI,0,vieyos,4.5422,0.28,0.39,1.86,NA
17/02/2010,2010,2,17,E2GI,10,vieyos,5.4274,0.17,0.46,2.775,NA
17/02/2010,2010,2,17,E2GI,20,vieyos,5.597,0.16,0.47,2.64,NA
17/02/2010,2010,2,17,E2GI,30,vieyos,4.4144,0.1,0.4,1.785,NA
17/02/2010,2010,2,17,E2GI,40,vieyos,5.9348,0.13,0.49,2.16,NA
17/02/2010,2010,2,17,E2GI,50,vieyos,7.6328,0.37,0.59,2.655,NA
17/02/2010,2010,2,17,E2GI,75,vieyos,6.4436,0.1,0.53,2.19,NA
17/02/2010,2010,2,17,E2GI,100,vieyos,7.3742,0.07,0.59,2.445,NA
16/03/2010,2010,3,16,E2GI,0,vieyos,4.5034,0.41,0.36,3.375,NA
16/03/2010,2010,3,16,E2GI,10,vieyos,5.4382,0.41,0.39,3.39,NA
16/03/2010,2010,3,16,E2GI,20,vieyos,5.0136,0.39,0.4,3.27,NA
16/03/2010,2010,3,16,E2GI,30,vieyos,4.9238,0.4,0.41,3.285,1.84
16/03/2010,2010,3,16,E2GI,40,vieyos,5.0236,0.38,0.41,3.45,NA
16/03/2010,2010,3,16,E2GI,50,vieyos,4.6074,0.42,0.4,3.12,NA
16/03/2010,2010,3,16,E2GI,75,vieyos,4.3268,0.37,0.37,3.27,NA
16/03/2010,2010,3,16,E2GI,100,vieyos,4.9254,0.33,0.38,3.195,NA
20/04/2010,2010,4,20,E2GI,0,vieyos,1.6402,0.56,0.22,2.955,NA
20/04/2010,2010,4,20,E2GI,10,vieyos,2.2604,0.43,0.22,2.07,NA
20/04/2010,2010,4,20,E2GI,20,vieyos,5.0398,0.74,0.29,3.555,NA
20/04/2010,2010,4,20,E2GI,30,vieyos,5.9734,0.65,0.35,3.9,NA
20/04/2010,2010,4,20,E2GI,40,vieyos,6.0802,0.68,0.28,3.45,NA
20/04/2010,2010,4,20,E2GI,50,vieyos,6.8568,0.69,0.31,4.17,NA
20/04/2010,2010,4,20,E2GI,75,vieyos,6.1898,0.73,0.35,3.435,NA
20/04/2010,2010,4,20,E2GI,100,vieyos,6.932,0.82,0.37,3.345,NA
13/05/2010,2010,5,13,E2GI,0,vieyos,0.2496,0.48,0.11,1.695,NA
13/05/2010,2010,5,13,E2GI,10,vieyos,0.6626,0.58,0.16,1.83,NA
13/05/2010,2010,5,13,E2GI,20,vieyos,1.4036,0.58,0.15,2.01,NA
13/05/2010,2010,5,13,E2GI,30,vieyos,4.0412,1.18,0.19,2.28,NA
13/05/2010,2010,5,13,E2GI,40,vieyos,3.478,0.74,0.17,1.815,NA
13/05/2010,2010,5,13,E2GI,50,vieyos,8.4856,0.68,0.26,3.165,NA
13/05/2010,2010,5,13,E2GI,75,vieyos,10.4632,1.37,0.28,3.555,NA
13/05/2010,2010,5,13,E2GI,100,vieyos,10.2896,0.7,0.3,3.555,NA
08/06/2010,2010,6,8,E2GI,0,vieyos,0.4986,0.06,0.13,0.45,NA
08/06/2010,2010,6,8,E2GI,10,vieyos,0.493,0.02,0.28,0.45,NA
08/06/2010,2010,6,8,E2GI,20,vieyos,0.7964,0.07,0.4,0.81,NA
08/06/2010,2010,6,8,E2GI,30,vieyos,1.258,0.11,0.2,1.71,NA
08/06/2010,2010,6,8,E2GI,40,vieyos,1.0172,0.1,0.18,1.515,NA
08/06/2010,2010,6,8,E2GI,50,vieyos,3.0626,0.46,0.28,2.415,NA
08/06/2010,2010,6,8,E2GI,75,vieyos,6.6794,0.4,0.39,3.075,NA
08/06/2010,2010,6,8,E2GI,100,vieyos,8.8966,0.44,0.49,4.575,1.39
15/07/2010,2010,7,15,E2GI,0,vieyos,0.1524,0.03,0.11,0.93,NA
15/07/2010,2010,7,15,E2GI,5,amaia,0.1524,0.03,0.11,0.93,NA
15/07/2010,2010,7,15,E2GI,10,vieyos,0.1838,0.01,0.15,1.035,NA
15/07/2010,2010,7,15,E2GI,20,vieyos,0.131,0.04,0.11,0.99,NA
15/07/2010,2010,7,15,E2GI,30,vieyos,0.1324,0.05,0.11,0.765,NA
15/07/2010,2010,7,15,E2GI,40,vieyos,0.819,0.15,0.13,0.96,NA
15/07/2010,2010,7,15,E2GI,50,vieyos,4.4776,0.47,0.24,2.205,NA
15/07/2010,2010,7,15,E2GI,75,vieyos,6.0838,0.38,0.24,2.7,NA
15/07/2010,2010,7,15,E2GI,100,vieyos,9.322,0.14,0.4,3.885,NA
09/08/2010,2010,8,9,E2GI,0,vieyos,0.3276,0.06,0.17,1.17,NA
09/08/2010,2010,8,9,E2GI,10,vieyos,0.2234,0.13,0.18,1.425,NA
09/08/2010,2010,8,9,E2GI,20,vieyos,0.1618,0.26,0.18,1.44,NA
09/08/2010,2010,8,9,E2GI,30,vieyos,0.3654,0.33,0.14,1.245,NA
09/08/2010,2010,8,9,E2GI,40,vieyos,0.8912,0.34,0.21,2.175,NA
09/08/2010,2010,8,9,E2GI,50,vieyos,7.9948,0.35,0.35,0.045,NA
09/08/2010,2010,8,9,E2GI,75,vieyos,8.1732,0.24,0.31,3.675,NA
09/08/2010,2010,8,9,E2GI,100,vieyos,7.8628,0.14,0.36,4.41,NA
15/09/2010,2010,9,15,E2GI,0,vieyos,0.6312,0.03,0.19,1.8,NA
15/09/2010,2010,9,15,E2GI,10,vieyos,0.3644,0.16,0.17,1.695,NA
15/09/2010,2010,9,15,E2GI,20,vieyos,0.5142,0.09,0.22,2.115,NA
15/09/2010,2010,9,15,E2GI,30,vieyos,1.0628,0.1,0.22,2.01,NA
15/09/2010,2010,9,15,E2GI,40,vieyos,4.1946,0.24,0.3,2.64,NA
15/09/2010,2010,9,15,E2GI,50,vieyos,4.9754,0.28,0.37,2.895,NA
15/09/2010,2010,9,15,E2GI,75,vieyos,7.8586,0.11,0.48,4.92,NA
15/09/2010,2010,9,15,E2GI,100,vieyos,7.85,0.13,0.52,4.44,NA
19/10/2010,2010,10,19,E2GI,0,vieyos,0.359,0.04,0.16,0.48,NA
19/10/2010,2010,10,19,E2GI,10,vieyos,0.3276,0.06,0.16,0.495,NA
19/10/2010,2010,10,19,E2GI,20,vieyos,0.4046,0.04,0.17,0.84,1.45
19/10/2010,2010,10,19,E2GI,30,vieyos,0.3632,0.07,0.14,0.69,NA
19/10/2010,2010,10,19,E2GI,40,vieyos,0.6802,0.38,0.18,1.065,NA
19/10/2010,2010,10,19,E2GI,50,vieyos,3.4328,0.58,0.28,2.25,NA
19/10/2010,2010,10,19,E2GI,75,vieyos,5.148,1.35,0.36,1.485,NA
19/10/2010,2010,10,19,E2GI,100,vieyos,8.3772,0.15,0.5,2.73,NA
30/11/2010,2010,11,30,E2GI,0,vieyos,3.9252,0.84,0.24,3.75,NA
30/11/2010,2010,11,30,E2GI,10,vieyos,3.1888,0.71,0.22,2.475,NA
30/11/2010,2010,11,30,E2GI,20,vieyos,2.9668,0.59,0.21,2.13,NA
30/11/2010,2010,11,30,E2GI,30,vieyos,3.0582,0.51,0.19,1.965,NA
30/11/2010,2010,11,30,E2GI,40,vieyos,3.0668,0.49,0.19,2.07,NA
30/11/2010,2010,11,30,E2GI,50,vieyos,2.9414,0.49,0.21,2.01,NA
30/11/2010,2010,11,30,E2GI,75,vieyos,4.6804,0.29,0.25,2.835,NA
30/11/2010,2010,11,30,E2GI,100,vieyos,6.9664,0.17,0.3,4.095,NA
12/12/2010,2010,12,12,E2GI,0,vieyos,3.969,0.42,0.29,2.67,NA
12/12/2010,2010,12,12,E2GI,10,vieyos,4.0246,0.41,0.28,2.955,NA
12/12/2010,2010,12,12,E2GI,20,vieyos,3.8394,0.39,0.28,2.775,NA
12/12/2010,2010,12,12,E2GI,30,vieyos,3.9264,0.36,0.3,2.76,NA
12/12/2010,2010,12,12,E2GI,40,vieyos,4.036,0.41,0.32,2.82,NA
12/12/2010,2010,12,12,E2GI,50,vieyos,4.1914,0.38,0.31,2.79,NA
12/12/2010,2010,12,12,E2GI,75,vieyos,5.7906,0.24,0.37,3.21,NA
12/12/2010,2010,12,12,E2GI,100,vieyos,6.7482,0.24,0.37,3.48,NA
18/01/2011,2011,1,18,E2GI,0,vieyos,4.8138,0.51,0.4,3.39,NA
18/01/2011,2011,1,18,E2GI,10,vieyos,3.2812,0.23,0.39,2.925,NA
18/01/2011,2011,1,18,E2GI,20,vieyos,2.6344,0.17,0.37,2.46,NA
18/01/2011,2011,1,18,E2GI,30,vieyos,3.7688,0.13,0.4,3.24,NA
18/01/2011,2011,1,18,E2GI,40,vieyos,4.5188,0.52,0.42,3.195,NA
18/01/2011,2011,1,18,E2GI,50,vieyos,3.495,0.21,0.39,2.7,NA
18/01/2011,2011,1,18,E2GI,75,vieyos,4.2582,0.45,0.38,2.625,NA
18/01/2011,2011,1,18,E2GI,100,vieyos,3.7602,0.15,0.43,2.775,NA
24/02/2011,2011,2,24,E2GI,0,vieyos,3.4052,0.22,0.47,2.73,1.59
24/02/2011,2011,2,24,E2GI,10,vieyos,2.8608,0.24,0.44,2.37,1.24
24/02/2011,2011,2,24,E2GI,20,vieyos,3.6432,0.21,0.43,2.58,NA
24/02/2011,2011,2,24,E2GI,30,vieyos,3.4734,0.3,0.46,2.385,NA
24/02/2011,2011,2,24,E2GI,40,vieyos,3.4964,0.22,0.44,2.28,1.76
24/02/2011,2011,2,24,E2GI,50,vieyos,2.9322,0.18,0.45,1.92,1.3
24/02/2011,2011,2,24,E2GI,75,vieyos,3.9196,0.23,0.46,2.475,1.99
24/02/2011,2011,2,24,E2GI,100,vieyos,3.1758,0.21,0.43,2.01,1.31
15/03/2011,2011,3,15,E2GI,0,vieyos,2.9504,0.31,0.31,3.63,NA
15/03/2011,2011,3,15,E2GI,10,vieyos,3.4508,0.22,0.34,3.885,NA
15/03/2011,2011,3,15,E2GI,20,vieyos,3.5716,0.35,0.4,3.57,NA
15/03/2011,2011,3,15,E2GI,30,vieyos,3.8698,0.2,0.38,3.525,NA
15/03/2011,2011,3,15,E2GI,40,vieyos,5.2716,0.36,0.45,3.75,NA
15/03/2011,2011,3,15,E2GI,50,vieyos,6.1894,0.32,0.51,3.87,NA
15/03/2011,2011,3,15,E2GI,75,vieyos,7.5734,0.19,0.57,4.23,NA
15/03/2011,2011,3,15,E2GI,100,vieyos,7.193,0.16,0.55,4.425,NA
18/04/2011,2011,4,18,E2GI,0,vieyos,0.969,0,0.25,2.25,1.96
18/04/2011,2011,4,18,E2GI,10,vieyos,0.7524,0,0.24,2.175,1.28
18/04/2011,2011,4,18,E2GI,20,vieyos,0.8108,0.01,0.23,2.235,NA
18/04/2011,2011,4,18,E2GI,30,vieyos,2.1798,0.18,0.32,2.445,NA
18/04/2011,2011,4,18,E2GI,40,vieyos,3.1912,0.32,0.38,2.595,NA
18/04/2011,2011,4,18,E2GI,50,vieyos,3.7352,0.46,0.4,2.745,NA
18/04/2011,2011,4,18,E2GI,75,vieyos,5.4186,0.84,0.46,3,NA
18/04/2011,2011,4,18,E2GI,100,vieyos,8.1366,0.06,0.55,3.885,NA
12/05/2011,2011,5,12,E2GI,0,vieyos,0.3262,0.05,0.1,0.9,NA
12/05/2011,2011,5,12,E2GI,10,vieyos,0.2792,0.04,0.1,0.585,NA
12/05/2011,2011,5,12,E2GI,20,vieyos,0.3534,0,0.11,1.095,NA
12/05/2011,2011,5,12,E2GI,30,vieyos,0.5714,0.01,0.1,0.84,NA
12/05/2011,2011,5,12,E2GI,40,vieyos,0.987,0.21,0.17,1.005,NA
12/05/2011,2011,5,12,E2GI,50,vieyos,2.7122,0.4,0.23,1.8,NA
12/05/2011,2011,5,12,E2GI,75,vieyos,3.8644,0.08,0.29,1.89,NA
12/05/2011,2011,5,12,E2GI,100,vieyos,4.3204,0.08,0.28,2.07,NA
21/06/2011,2011,6,21,E2GI,0,vieyos,3.0158,0.94,0.19,0.945,NA
21/06/2011,2011,6,21,E2GI,10,vieyos,0.5328,0.06,0.18,0.93,NA
21/06/2011,2011,6,21,E2GI,20,vieyos,0.4862,1.03,0.15,0.84,NA
21/06/2011,2011,6,21,E2GI,30,vieyos,0.2022,0.06,0.15,0.66,NA
21/06/2011,2011,6,21,E2GI,40,vieyos,1.9542,0.93,0.17,1.08,NA
21/06/2011,2011,6,21,E2GI,50,vieyos,4.5106,0.95,0.21,0.945,NA
21/06/2011,2011,6,21,E2GI,75,vieyos,6.6634,1.67,0.41,2.865,NA
21/06/2011,2011,6,21,E2GI,100,vieyos,8.2208,0.58,0.38,3.735,NA
14/07/2011,2011,7,14,E2GI,0,vieyos,0.3192,0,0.11,0.3,NA
14/07/2011,2011,7,14,E2GI,10,vieyos,0.5152,0.26,0.12,0.315,NA
14/07/2011,2011,7,14,E2GI,20,vieyos,0.3342,0.168656832,0.1,0.495,NA
14/07/2011,2011,7,14,E2GI,30,vieyos,0.2504,0.12636646,0.13,0.57,NA
14/07/2011,2011,7,14,E2GI,40,vieyos,2.907,1.14,0.21,1.845,NA
14/07/2011,2011,7,14,E2GI,50,vieyos,5.8846,0.83,0.32,3.135,NA
14/07/2011,2011,7,14,E2GI,75,vieyos,6.2568,0.15,0.33,2.85,1.77
14/07/2011,2011,7,14,E2GI,100,vieyos,9.3936,0,0.4,4.635,1.79
11/08/2011,2011,8,11,E2GI,0,vieyos,0.6518,0.34,0.14,0.705,1.82
11/08/2011,2011,8,11,E2GI,10,vieyos,0.5832,0.42,0.15,0.69,NA
11/08/2011,2011,8,11,E2GI,20,vieyos,0.5146,0.5,0.12,0.6,NA
11/08/2011,2011,8,11,E2GI,30,vieyos,0.4592,0.43,0.12,0.72,NA
11/08/2011,2011,8,11,E2GI,40,vieyos,0.4546,0.56,0.14,1.755,1.94
11/08/2011,2011,8,11,E2GI,50,vieyos,3.6278,0.67,0.25,1.98,1.3
11/08/2011,2011,8,11,E2GI,75,vieyos,8.6596,0.62,0.46,4.275,NA
11/08/2011,2011,8,11,E2GI,100,vieyos,10.4232,0.27,0.51,5.76,1.95
26/09/2011,2011,9,26,E2GI,0,vieyos,0.7252,0.05,0.15,0.75,1.35
26/09/2011,2011,9,26,E2GI,10,vieyos,0.617,0.01,0.16,0.87,1.65
26/09/2011,2011,9,26,E2GI,20,vieyos,0.6366,0.15,0.15,0.615,NA
26/09/2011,2011,9,26,E2GI,30,vieyos,0.7552,0.02,0.15,0.855,1.2
26/09/2011,2011,9,26,E2GI,40,vieyos,0.6968,0.01,0.15,1.215,1.1
26/09/2011,2011,9,26,E2GI,50,vieyos,3.8296,0.32,0.3,2.655,1.05
26/09/2011,2011,9,26,E2GI,75,vieyos,13.3606,0.65,0.55,4.11,NA
26/09/2011,2011,9,26,E2GI,100,vieyos,11.1562,0.05,0.6,5.04,1.4
14/10/2011,2011,10,14,E2GI,0,vieyos,0.9702,0.09,0.31,0.78,NA
14/10/2011,2011,10,14,E2GI,10,vieyos,0.9234,0,0.16,0.72,NA
14/10/2011,2011,10,14,E2GI,20,vieyos,1.1866,0.17,0.17,1.095,NA
14/10/2011,2011,10,14,E2GI,30,vieyos,2.073,0.15,0.36,1.245,1.85
14/10/2011,2011,10,14,E2GI,40,vieyos,2.9594,0.13,0.38,1.08,NA
14/10/2011,2011,10,14,E2GI,50,vieyos,6.0888,0.09,0.38,2.22,NA
14/10/2011,2011,10,14,E2GI,75,vieyos,7.0566,0,0.46,2.91,NA
14/10/2011,2011,10,14,E2GI,100,vieyos,8.8432,0.14,0.52,3.285,NA
17/11/2011,2011,11,17,E2GI,0,vieyos,1.933,0.29,0.17,1.23,NA
17/11/2011,2011,11,17,E2GI,10,vieyos,2.4656,0.43,0.22,1.98,1.2
17/11/2011,2011,11,17,E2GI,20,vieyos,2.5308,0.57,0.22,1.905,1.25
17/11/2011,2011,11,17,E2GI,30,vieyos,2.762,0.43,0.22,2.22,1.76
17/11/2011,2011,11,17,E2GI,40,vieyos,3.3858,0.57,0.24,2.595,1.54
17/11/2011,2011,11,17,E2GI,50,vieyos,4.071,0.66,0.25,2.205,1.15
17/11/2011,2011,11,17,E2GI,75,vieyos,3.0326,0.49,0.26,2.145,1.9
17/11/2011,2011,11,17,E2GI,100,vieyos,3.2378,0.49,0.24,2.22,1.45
18/01/2012,2012,1,18,E2GI,0,vieyos,2.34,0.71,0.23,1.84,NA
18/01/2012,2012,1,18,E2GI,10,vieyos,2.7,0.63,0.19,1.71,NA
18/01/2012,2012,1,18,E2GI,20,vieyos,3.96,0.4,0.29,2.63,NA
18/01/2012,2012,1,18,E2GI,30,vieyos,3.7,0.29,0.24,2.41,NA
18/01/2012,2012,1,18,E2GI,40,vieyos,2.26,1.12,0.18,1.7,NA
18/01/2012,2012,1,18,E2GI,50,vieyos,4.19,0.71,0.19,2.8,NA
18/01/2012,2012,1,18,E2GI,75,vieyos,3.32,0.28,0.22,2.26,NA
18/01/2012,2012,1,18,E2GI,95,amaia,3.49,0.43,0.2,1.78,NA
18/01/2012,2012,1,18,E2GI,100,vieyos,3.49,0.43,0.2,1.78,NA
10/02/2012,2012,2,10,E2GI,0,vieyos,4.04,1,0.1,2.5,NA
10/02/2012,2012,2,10,E2GI,10,vieyos,4.07,0.72,0.09,2.53,NA
10/02/2012,2012,2,10,E2GI,20,vieyos,3.88,1.77,0.16,2.54,NA
10/02/2012,2012,2,10,E2GI,30,vieyos,3.98,0.95,0.11,2.5,NA
10/02/2012,2012,2,10,E2GI,40,vieyos,3.95,0.83,0.1,2.42,NA
10/02/2012,2012,2,10,E2GI,50,vieyos,3.89,1.13,0.09,2.41,NA
10/02/2012,2012,2,10,E2GI,75,vieyos,4.41,3.12,0.14,2.74,NA
10/02/2012,2012,2,10,E2GI,100,vieyos,9.04,1.02,0.23,4.11,NA
13/03/2012,2012,3,13,E2GI,0,vieyos,4.2,0.87,0.22,1.96,NA
13/03/2012,2012,3,13,E2GI,10,vieyos,5.97,0.63,0.26,2.35,NA
13/03/2012,2012,3,13,E2GI,20,vieyos,5.2,3.96,0.35,2.17,NA
13/03/2012,2012,3,13,E2GI,30,vieyos,4.84,0.95,0.36,2.05,NA
13/03/2012,2012,3,13,E2GI,40,vieyos,7.76,0.7,0.51,3.05,NA
13/03/2012,2012,3,13,E2GI,50,vieyos,5.72,1.06,0.44,2.56,NA
13/03/2012,2012,3,13,E2GI,75,vieyos,9.29,0.41,0.62,4.01,NA
13/03/2012,2012,3,13,E2GI,100,vieyos,8.61,0.71,0.59,3.9,NA
30/04/2012,2012,4,30,E2GI,0,vieyos,1.32,0.28,0.11,2.79,NA
30/04/2012,2012,4,30,E2GI,10,vieyos,1.2,0.33,0.12,2.1,NA
30/04/2012,2012,4,30,E2GI,20,vieyos,1.47,0.24,0.18,1.76,NA
30/04/2012,2012,4,30,E2GI,30,vieyos,1.46,0.33,0.13,1.67,NA
30/04/2012,2012,4,30,E2GI,40,vieyos,1.38,0.26,0.14,1.51,NA
30/04/2012,2012,4,30,E2GI,50,vieyos,1.34,0.31,0.17,1.46,NA
30/04/2012,2012,4,30,E2GI,75,vieyos,1.75,0.39,0.14,1.62,NA
30/04/2012,2012,4,30,E2GI,100,vieyos,2.65,0.42,0.18,2.19,NA
23/05/2012,2012,5,23,E2GI,0,vieyos,0,1.03,0.06,0.59,NA
23/05/2012,2012,5,23,E2GI,10,vieyos,0.09,0.44,0.03,0.6,NA
23/05/2012,2012,5,23,E2GI,20,vieyos,0.03,0.69,0.04,0.56,NA
23/05/2012,2012,5,23,E2GI,30,vieyos,0.22,0.48,0.04,0.54,NA
23/05/2012,2012,5,23,E2GI,40,vieyos,0.63,0.94,0.11,0.64,NA
23/05/2012,2012,5,23,E2GI,50,vieyos,3.8,0.91,0.2,1.54,NA
23/05/2012,2012,5,23,E2GI,75,vieyos,5.64,0.78,0.19,2.39,NA
02/05/2012,2012,5,2,E2GI,95,amaia,2.65,0.42,0.18,2.19,NA
23/05/2012,2012,5,23,E2GI,100,vieyos,6.26,0.75,0.36,2.75,NA
14/06/2012,2012,6,14,E2GI,0,vieyos,0.1,0.42,0.08,0.83,NA
14/06/2012,2012,6,14,E2GI,10,vieyos,0,0.86,0.09,0.79,NA
14/06/2012,2012,6,14,E2GI,20,vieyos,0.06,0.73,0.1,0.78,NA
14/06/2012,2012,6,14,E2GI,30,vieyos,0.15,0.22,0.1,0.79,NA
14/06/2012,2012,6,14,E2GI,40,vieyos,0.09,0.5,0.11,0.99,NA
14/06/2012,2012,6,14,E2GI,50,vieyos,0.36,0.45,0.15,1.46,NA
14/06/2012,2012,6,14,E2GI,75,vieyos,2.4,1.17,0.3,2.61,NA
14/06/2012,2012,6,14,E2GI,100,vieyos,5.53,0.46,0.42,3.38,NA
03/07/2012,2012,7,3,E2GI,0,vieyos,0.46,0.35,0.06,0.57,NA
03/07/2012,2012,7,3,E2GI,10,vieyos,0.13,0.37,0.07,0.71,NA
03/07/2012,2012,7,3,E2GI,20,vieyos,2.33,0.93,0.08,0.53,NA
03/07/2012,2012,7,3,E2GI,30,vieyos,0.4,1.17,0.07,0.74,NA
03/07/2012,2012,7,3,E2GI,40,vieyos,0.37,1.14,0.11,1.03,NA
03/07/2012,2012,7,3,E2GI,50,vieyos,1.12,1.45,0.16,1.06,NA
03/07/2012,2012,7,3,E2GI,75,vieyos,4.29,1.73,0.26,2,NA
03/07/2012,2012,7,3,E2GI,100,vieyos,4.8,0.9,0.34,2.63,NA
02/08/2012,2012,8,2,E2GI,0,vieyos,0.64,0.8,0,0.65,NA
02/08/2012,2012,8,2,E2GI,10,vieyos,0.22,0.37,0,0.65,NA
02/08/2012,2012,8,2,E2GI,20,vieyos,0.16,0.29,0,0.64,NA
02/08/2012,2012,8,2,E2GI,30,vieyos,0.12,0.27,0.02,0.66,NA
02/08/2012,2012,8,2,E2GI,40,vieyos,0.17,0.31,0.01,1.14,NA
02/08/2012,2012,8,2,E2GI,50,vieyos,2.62,0.62,0.15,2.34,NA
02/08/2012,2012,8,2,E2GI,75,vieyos,5.73,0.65,0.21,3.36,NA
02/08/2012,2012,8,2,E2GI,100,vieyos,7.72,0.32,0.31,4.15,NA
11/09/2012,2012,9,11,E2GI,0,vieyos,0.27,0.24,0.06,0.88,NA
11/09/2012,2012,9,11,E2GI,10,vieyos,0.34,0.71,0.09,1.02,NA
11/09/2012,2012,9,11,E2GI,20,vieyos,1.14,0.37,0.14,1.54,NA
11/09/2012,2012,9,11,E2GI,30,vieyos,3.03,0.69,0.25,2.28,NA
11/09/2012,2012,9,11,E2GI,40,vieyos,3.24,0.46,0.26,2.36,NA
11/09/2012,2012,9,11,E2GI,50,vieyos,3.72,0.53,0.3,2.53,NA
11/09/2012,2012,9,11,E2GI,75,vieyos,5.8,0.41,0.41,3.23,NA
11/09/2012,2012,9,11,E2GI,100,vieyos,6.14,0.4,0.44,3.08,NA
19/10/2012,2012,10,19,E2GI,0,vieyos,0.21,0.05,0.03,0.73,NA
19/10/2012,2012,10,19,E2GI,10,vieyos,0.2,0.05,0.03,0.71,NA
19/10/2012,2012,10,19,E2GI,20,vieyos,0.68,0.31,0.03,0.64,NA
19/10/2012,2012,10,19,E2GI,30,vieyos,0.23,0.07,0.03,0.75,NA
19/10/2012,2012,10,19,E2GI,40,vieyos,0.19,0.13,0.02,0.74,NA
19/10/2012,2012,10,19,E2GI,50,vieyos,0.21,0.04,0.03,0.74,NA
19/10/2012,2012,10,19,E2GI,75,vieyos,0.47,0.19,0.05,0.8,NA
19/10/2012,2012,10,19,E2GI,100,vieyos,3.76,0.23,0.27,2.28,NA
15/11/2012,2012,11,15,E2GI,0,vieyos,0.59,0.17,0.06,1.28,NA
15/11/2012,2012,11,15,E2GI,10,vieyos,0.63,0.25,0.06,1.28,NA
15/11/2012,2012,11,15,E2GI,20,vieyos,0.61,0.3,0.06,0.94,NA
15/11/2012,2012,11,15,E2GI,30,vieyos,0.64,0.21,0.06,1.17,NA
15/11/2012,2012,11,15,E2GI,40,vieyos,0.77,0.23,0.07,1.24,NA
15/11/2012,2012,11,15,E2GI,50,vieyos,0.92,0.24,0.09,1.07,NA
15/11/2012,2012,11,15,E2GI,75,vieyos,3.5,0.46,0.25,2.05,NA
15/11/2012,2012,11,15,E2GI,100,vieyos,5.22,0.45,0.4,2.81,NA
11/12/2012,2012,12,11,E2GI,0,vieyos,3.51,0.5,0.22,3,NA
11/12/2012,2012,12,11,E2GI,5,amaia,3.51,0.5,0.22,3,NA
11/12/2012,2012,12,11,E2GI,10,vieyos,3.07,0.46,0.21,2.48,NA
11/12/2012,2012,12,11,E2GI,20,vieyos,3.44,0.37,0.25,2.42,NA
11/12/2012,2012,12,11,E2GI,30,vieyos,3.35,0.35,0.24,2.33,NA
11/12/2012,2012,12,11,E2GI,40,vieyos,3.27,0.36,0.23,2.29,NA
11/12/2012,2012,12,11,E2GI,50,vieyos,3.23,0.38,0.24,2.24,NA
11/12/2012,2012,12,11,E2GI,75,vieyos,3.01,0.39,0.24,2.06,NA
11/12/2012,2012,12,11,E2GI,100,vieyos,4.98,0.16,0.34,2.96,NA
22/02/2013,2013,2,22,E2GI,0,vieyos,4.72,0.28,0.16,4.71,NA
22/02/2013,2013,2,22,E2GI,10,vieyos,4.61,0.28,0.15,4.55,NA
22/02/2013,2013,2,22,E2GI,20,vieyos,4.06,0.2,0.18,3.27,NA
22/02/2013,2013,2,22,E2GI,30,vieyos,4.62,0.21,0.09,2.84,NA
22/02/2013,2013,2,22,E2GI,40,vieyos,4.5,0.19,0.1,2.63,NA
22/02/2013,2013,2,22,E2GI,50,vieyos,4.56,0.2,0.16,2.63,NA
22/02/2013,2013,2,22,E2GI,75,vieyos,5.41,0.12,0.12,2.82,NA
22/02/2013,2013,2,22,E2GI,100,vieyos,5.57,0.15,0.2,2.91,NA
15/03/2013,2013,3,15,E2GI,0,vieyos,1.9,0.2,0.13,1.53,NA
15/03/2013,2013,3,15,E2GI,10,vieyos,1.93,0.18,0.12,1.51,NA
15/03/2013,2013,3,15,E2GI,20,vieyos,2.06,0.23,0.19,1.57,NA
15/03/2013,2013,3,15,E2GI,30,vieyos,2.23,0.21,0.18,1.59,NA
15/03/2013,2013,3,15,E2GI,40,vieyos,2.3,0.25,0.18,1.54,NA
15/03/2013,2013,3,15,E2GI,50,vieyos,3.17,0.29,0.28,1.87,NA
15/03/2013,2013,3,15,E2GI,75,vieyos,4.58,0.33,0.34,2.32,NA
15/03/2013,2013,3,15,E2GI,100,vieyos,4.77,0.31,0.39,2.48,NA
15/04/2013,2013,4,15,E2GI,0,vieyos,3.25,0.34,0.07,4.55,NA
15/04/2013,2013,4,15,E2GI,5,vieyos,3.23,0.37,0.17,4.49,NA
15/04/2013,2013,4,15,E2GI,10,vieyos,3.16,0.46,0.18,3.05,NA
15/04/2013,2013,4,15,E2GI,20,vieyos,3.16,0.47,0.17,2.94,NA
15/04/2013,2013,4,15,E2GI,30,vieyos,2.86,0.5,0.18,2.51,NA
15/04/2013,2013,4,15,E2GI,40,vieyos,2.83,0.53,0.09,2.38,NA
15/04/2013,2013,4,15,E2GI,50,vieyos,2.95,0.58,0.09,2.41,NA
15/04/2013,2013,4,15,E2GI,75,vieyos,3.08,0.63,0.23,2.34,NA
15/04/2013,2013,4,15,E2GI,100,vieyos,3.49,0.79,0.12,2.62,NA
03/05/2013,2013,5,3,E2GI,0,vieyos,0.52,0.22,0.03,1.66,NA
03/05/2013,2013,5,3,E2GI,5,amaia,0.52,0.22,0.03,1.66,NA
03/05/2013,2013,5,3,E2GI,10,vieyos,0.55,0.22,0.1,1.59,NA
03/05/2013,2013,5,3,E2GI,20,vieyos,1.74,0.43,0.1,1.88,NA
03/05/2013,2013,5,3,E2GI,30,vieyos,3.7,0.56,0.26,2.34,NA
03/05/2013,2013,5,3,E2GI,40,vieyos,4.68,0.47,0.31,2.49,NA
03/05/2013,2013,5,3,E2GI,50,vieyos,5.99,0.15,0.13,2.92,NA
03/05/2013,2013,5,3,E2GI,75,vieyos,7.02,0.08,0.34,3.28,NA
03/05/2013,2013,5,3,E2GI,100,vieyos,7.58,0.18,0.23,3.87,NA
12/06/2013,2013,6,12,E2GI,0,vieyos,0.2,0.03,0.07,0.51,NA
12/06/2013,2013,6,12,E2GI,10,vieyos,0.19,0.03,0.06,0.49,NA
12/06/2013,2013,6,12,E2GI,20,vieyos,0.19,0.04,0.04,0.52,NA
12/06/2013,2013,6,12,E2GI,30,vieyos,0.19,0.05,0.04,0.57,NA
12/06/2013,2013,6,12,E2GI,40,vieyos,0.56,0.21,0.06,0.69,NA
12/06/2013,2013,6,12,E2GI,50,vieyos,4.58,0.28,0.24,1.99,NA
12/06/2013,2013,6,12,E2GI,75,vieyos,8.03,0.15,0.4,3.8,NA
12/06/2013,2013,6,12,E2GI,100,vieyos,8.72,0.21,0.33,4.36,NA
14/07/2013,2013,7,14,E2GI,0,vieyos,0.18,0.02,0.01,0.78,NA
14/07/2013,2013,7,14,E2GI,10,vieyos,0.18,0.02,0.01,0.65,NA
14/07/2013,2013,7,14,E2GI,20,vieyos,0.2,0.01,0.02,0.7,NA
14/07/2013,2013,7,14,E2GI,30,vieyos,0.98,0.11,0.04,1.26,NA
14/07/2013,2013,7,14,E2GI,40,vieyos,3.36,0.35,0.12,1.72,NA
14/07/2013,2013,7,14,E2GI,50,vieyos,5.33,0.31,0.17,2.37,NA
14/07/2013,2013,7,14,E2GI,75,vieyos,8.09,0.1,0.25,3.66,NA
14/07/2013,2013,7,14,E2GI,100,vieyos,8.98,0.18,0.31,4.41,NA
29/08/2013,2013,8,29,E2GI,0,vieyos,0.18,0.04,0.02,0.84,NA
29/08/2013,2013,8,29,E2GI,5,amaia,0.18,0.04,0.02,0.84,NA
29/08/2013,2013,8,29,E2GI,10,vieyos,0.19,0.03,0.01,0.92,NA
29/08/2013,2013,8,29,E2GI,20,vieyos,0.2,0.04,0.03,1.2,NA
29/08/2013,2013,8,29,E2GI,30,vieyos,0.67,0.16,0.07,1.6,NA
29/08/2013,2013,8,29,E2GI,40,vieyos,3.05,0.55,0.17,2.05,NA
29/08/2013,2013,8,29,E2GI,50,vieyos,6.25,0.33,0.23,3.89,NA
29/08/2013,2013,8,29,E2GI,75,vieyos,7.89,0.06,0.2,3.26,NA
29/08/2013,2013,8,29,E2GI,100,vieyos,5.39,0.11,0.25,2.8,NA
19/09/2013,2013,9,19,E2GI,0,vieyos,0.16,0.05,0.03,0.89,NA
19/09/2013,2013,9,19,E2GI,5,amaia,0.16,0.05,0.03,0.89,NA
19/09/2013,2013,9,19,E2GI,10,vieyos,0.18,0.03,0.02,0.82,NA
19/09/2013,2013,9,19,E2GI,15,amaia,0.18,0.03,0.02,0.82,NA
19/09/2013,2013,9,19,E2GI,20,vieyos,1.4,0.18,0.06,1.96,NA
19/09/2013,2013,9,19,E2GI,25,amaia,1.4,0.18,0.06,1.96,NA
19/09/2013,2013,9,19,E2GI,30,vieyos,3.74,0.36,0.13,2.55,NA
19/09/2013,2013,9,19,E2GI,35,amaia,3.74,0.36,0.13,2.55,NA
19/09/2013,2013,9,19,E2GI,40,vieyos,4.64,0.45,0.17,2.91,NA
19/09/2013,2013,9,19,E2GI,45,amaia,4.64,0.45,0.17,2.91,NA
19/09/2013,2013,9,19,E2GI,50,vieyos,6.04,0.54,0.2,3.47,NA
19/09/2013,2013,9,19,E2GI,55,amaia,6.04,0.54,0.2,3.47,NA
19/09/2013,2013,9,19,E2GI,75,vieyos,8.4,0.21,0.25,4.27,NA
19/09/2013,2013,9,19,E2GI,100,vieyos,9.21,0.13,0.31,4.75,NA
06/10/2013,2013,10,6,E2GI,0,vieyos,0.19,0.03,0.02,1,NA
06/10/2013,2013,10,6,E2GI,10,vieyos,0.2,0.03,0.07,1.09,NA
06/10/2013,2013,10,6,E2GI,20,vieyos,0.31,0.05,0.05,1.46,NA
06/10/2013,2013,10,6,E2GI,30,vieyos,0.47,0.07,0.04,1.52,NA
06/10/2013,2013,10,6,E2GI,40,vieyos,0.75,0.12,0.06,1.58,NA
06/10/2013,2013,10,6,E2GI,50,vieyos,1.27,0.2,0.12,1.72,NA
06/10/2013,2013,10,6,E2GI,75,vieyos,2.98,0.42,0.21,2.22,NA
06/10/2013,2013,10,6,E2GI,100,vieyos,5.92,0.22,0.34,3.01,NA
08/11/2013,2013,11,8,E2GI,0,vieyos,0.33,0.1,0.13,1.11,NA
08/11/2013,2013,11,8,E2GI,5,amaia,0.33,0.1,0.13,1.11,NA
08/11/2013,2013,11,8,E2GI,10,vieyos,0.32,0.11,0.06,1.07,NA
08/11/2013,2013,11,8,E2GI,20,vieyos,0.34,0.11,0.12,1.05,NA
08/11/2013,2013,11,8,E2GI,30,vieyos,0.35,0.12,0.05,1.07,NA
08/11/2013,2013,11,8,E2GI,40,vieyos,0.4,0.15,0.06,1.1,NA
08/11/2013,2013,11,8,E2GI,45,amaia,0.4,0.15,0.06,1.1,NA
08/11/2013,2013,11,8,E2GI,50,vieyos,0.44,0.18,0.06,1.1,NA
08/11/2013,2013,11,8,E2GI,70,amaia,1.39,0.58,0.17,1.76,NA
08/11/2013,2013,11,8,E2GI,75,vieyos,1.39,0.58,0.17,1.76,NA
08/11/2013,2013,11,8,E2GI,100,vieyos,4.65,0.29,0.35,2.58,NA
01/12/2013,2013,12,1,E2GI,0,vieyos,2.86,0.27,0.11,1.99,NA
01/12/2013,2013,12,1,E2GI,5,amaia,2.86,0.27,0.11,1.99,NA
01/12/2013,2013,12,1,E2GI,10,vieyos,2.87,0.32,0.12,2.01,NA
01/12/2013,2013,12,1,E2GI,20,vieyos,3.27,0.25,0.13,2.08,NA
01/12/2013,2013,12,1,E2GI,30,vieyos,4.84,0.18,0.19,2.54,NA
01/12/2013,2013,12,1,E2GI,40,vieyos,5.61,0.09,0.2,2.67,NA
01/12/2013,2013,12,1,E2GI,50,vieyos,6.46,0.05,0.4,2.9,NA
01/12/2013,2013,12,1,E2GI,75,vieyos,8.32,0.05,0.31,3.76,NA
01/12/2013,2013,12,1,E2GI,100,vieyos,8.77,0.08,0.35,4.37,NA
26/01/2014,2014,1,26,E2GI,0,vieyos,5.411617583,0.064813061,0.302943193,3.777501164,NA
26/01/2014,2014,1,26,E2GI,5,amaia,5.41,0.06,0.3,3.78,NA
26/01/2014,2014,1,26,E2GI,10,vieyos,5.312563453,0.061225248,0.320088876,3.649504647,NA
26/01/2014,2014,1,26,E2GI,20,vieyos,5.120666512,0.055756944,0.303322349,3.49893217,NA
26/01/2014,2014,1,26,E2GI,25,amaia,5.12,0.06,0.3,3.5,NA
26/01/2014,2014,1,26,E2GI,30,vieyos,5.085456748,0.042752997,0.317111963,3.331470685,NA
26/01/2014,2014,1,26,E2GI,40,vieyos,4.89842904,0.035438749,0.303703422,2.982930068,NA
26/01/2014,2014,1,26,E2GI,50,vieyos,4.948300621,0.028143926,0.30900735,2.827084463,NA
26/01/2014,2014,1,26,E2GI,75,vieyos,4.734400275,0.037788816,0.297260901,2.62042099,NA
26/01/2014,2014,1,26,E2GI,100,vieyos,4.396212308,0.043653058,0.229102474,2.481778232,NA
19/02/2014,2014,2,19,E2GI,0,vieyos,5.739541016,0.089971265,0.279066896,3.005074846,NA
19/02/2014,2014,2,19,E2GI,10,vieyos,5.720535815,0.09194191,0.180752272,2.995774574,NA
19/02/2014,2014,2,19,E2GI,20,vieyos,5.778785112,0.061677825,0.21583582,2.853814456,NA
19/02/2014,2014,2,19,E2GI,30,vieyos,5.597238247,0.069344487,0.218001529,2.71193141,NA
19/02/2014,2014,2,19,E2GI,40,vieyos,5.379291644,0.056165532,0.331092802,2.379883682,NA
19/02/2014,2014,2,19,E2GI,50,vieyos,5.302561136,0.052466017,0.315939385,2.318892937,NA
19/02/2014,2014,2,19,E2GI,75,vieyos,5.325542059,0.043090948,0.169025382,2.1542232,NA
19/02/2014,2014,2,19,E2GI,100,vieyos,5.417451143,0.045076283,0.302959622,2.173969571,NA
22/03/2014,2014,3,22,E2GI,0,vieyos,0.809395134,0.061241725,0.11862574,1.316706808,NA
22/03/2014,2014,3,22,E2GI,5,amaia,0.81,0.06,0.12,1.32,NA
22/03/2014,2014,3,22,E2GI,10,vieyos,1.502633422,0.103720964,0.15176005,1.467590142,NA
22/03/2014,2014,3,22,E2GI,20,vieyos,4.038560497,0.279746778,0.265932868,2.281321036,NA
22/03/2014,2014,3,22,E2GI,30,vieyos,5.541038957,0.376378454,0.386168144,2.67120848,NA
22/03/2014,2014,3,22,E2GI,40,vieyos,5.413579368,0.287213737,0.378199568,2.325967238,NA
22/03/2014,2014,3,22,E2GI,50,vieyos,4.544870584,0.308359814,0.333130913,1.763945758,NA
22/03/2014,2014,3,22,E2GI,75,vieyos,5.347301958,0.203748681,0.370406425,1.908826084,NA
22/03/2014,2014,3,22,E2GI,100,vieyos,6.530293772,0.236506322,0.434889699,2.431739882,NA
26/04/2014,2014,4,26,E2GI,0,vieyos,0.10559752,0.011050937,0.105005484,1.533548648,NA
26/04/2014,2014,4,26,E2GI,5,amaia,0.11,0.01,0.11,1.53,NA
26/04/2014,2014,4,26,E2GI,10,vieyos,0.168754203,0.016635749,0.10585751,1.519937236,NA
26/04/2014,2014,4,26,E2GI,20,vieyos,0.30556146,0.028034117,0.119498329,1.239489529,NA
26/04/2014,2014,4,26,E2GI,30,vieyos,0.729382581,0.058811694,0.128345166,1.37595824,NA
26/04/2014,2014,4,26,E2GI,40,vieyos,0.798373671,0.081846609,0.130798067,1.062093839,NA
26/04/2014,2014,4,26,E2GI,50,vieyos,3.979105233,0.363504463,0.365897425,2.134779341,NA
26/04/2014,2014,4,26,E2GI,75,vieyos,4.96522508,0.451801065,0.421612237,2.700640773,NA
26/04/2014,2014,4,26,E2GI,100,vieyos,4.993387278,0.4432104,0.437294931,2.726077318,NA
31/05/2014,2014,5,31,E2GI,0,vieyos,0.023787447,0.012840202,0.108311758,0.350807807,NA
31/05/2014,2014,5,31,E2GI,10,vieyos,0.017244806,0.011238841,0.105012269,0.320830635,NA
31/05/2014,2014,5,31,E2GI,20,vieyos,0.026345135,0.00686924,0.114486179,0.313138779,NA
31/05/2014,2014,5,31,E2GI,30,vieyos,0.015931821,0.020155231,0.122360529,0.277502116,NA
31/05/2014,2014,5,31,E2GI,40,vieyos,0.109493957,0.041094492,0.119060312,0.252993903,NA
31/05/2014,2014,5,31,E2GI,50,vieyos,1.014693699,0.159633082,0.179589001,0.485819886,NA
31/05/2014,2014,5,31,E2GI,75,vieyos,5.511489364,0.500125422,0.359752611,2.359559896,NA
31/05/2014,2014,5,31,E2GI,100,vieyos,8.379265932,0.1823365,0.401076411,3.664558065,NA
28/06/2014,2014,6,28,E2GI,0,amaia,0.09,0,0.08,0.56,NA
28/06/2014,2014,6,28,E2GI,10,amaia,0.11,0,0.08,0.63,NA
28/06/2014,2014,6,28,E2GI,20,amaia,0.07,0.01,0.14,0.66,NA
28/06/2014,2014,6,28,E2GI,30,amaia,0.1,0.01,0.21,0.73,NA
28/06/2014,2014,6,28,E2GI,40,amaia,0.81,0.15,0.18,0.9,NA
28/06/2014,2014,6,28,E2GI,50,amaia,3.74,0.46,0.3,1.94,NA
28/06/2014,2014,6,28,E2GI,75,amaia,7.91,0.05,0.42,3.06,NA
28/06/2014,2014,6,28,E2GI,100,amaia,8.68,0.08,0.41,3.8,NA
15/07/2014,2014,7,15,E2GI,0,amaia,0.27,0,0.16,0.61,NA
15/07/2014,2014,7,15,E2GI,10,amaia,0.37,0.01,0.06,0.59,NA
15/07/2014,2014,7,15,E2GI,20,amaia,0,0.01,0.08,0.57,NA
15/07/2014,2014,7,15,E2GI,30,amaia,0,0,0.08,0.81,NA
15/07/2014,2014,7,15,E2GI,40,amaia,0,0.03,0.11,0.92,NA
15/07/2014,2014,7,15,E2GI,50,amaia,3.16,0.26,0.34,1.59,NA
15/07/2014,2014,7,15,E2GI,75,amaia,8.8,0.13,0.56,3.88,NA
15/07/2014,2014,7,15,E2GI,100,amaia,9.68,0.06,0.59,4.32,NA
23/08/2014,2014,8,23,E2GI,0,amaia,0.16,0.01,0.09,0.89,NA
23/08/2014,2014,8,23,E2GI,10,amaia,0.15,0.01,0.09,0.8,NA
23/08/2014,2014,8,23,E2GI,20,amaia,0.19,0.02,0.09,1.04,NA
23/08/2014,2014,8,23,E2GI,30,amaia,0.66,0.13,0.13,1.06,NA
23/08/2014,2014,8,23,E2GI,40,amaia,2.5,0.51,0.2,1.33,NA
23/08/2014,2014,8,23,E2GI,50,amaia,5.47,0.45,0.36,2.17,NA
23/08/2014,2014,8,23,E2GI,75,amaia,8.36,0.09,0.4,2.75,NA
23/08/2014,2014,8,23,E2GI,100,amaia,9.78,0.03,0.5,3.97,NA
26/09/2014,2014,9,26,E2GI,0,amaia,0.19,0.06,0.09,0.79,NA
26/09/2014,2014,9,26,E2GI,10,amaia,0.16,0.02,0.08,0.77,NA
26/09/2014,2014,9,26,E2GI,20,amaia,0.14,0.14,0.08,0.63,NA
26/09/2014,2014,9,26,E2GI,30,amaia,0.19,0.2,0.08,0.71,NA
26/09/2014,2014,9,26,E2GI,40,amaia,0.5,0.13,0.1,1.02,NA
26/09/2014,2014,9,26,E2GI,50,amaia,1.9,0.31,0.39,1.45,NA
26/09/2014,2014,9,26,E2GI,75,amaia,6.7,0.21,0.55,2.95,NA
26/09/2014,2014,9,26,E2GI,100,amaia,7.66,0.18,0.55,3.21,NA
05/10/2014,2014,10,5,E2GI,5,amaia,0.1,0,0.09,0.74,NA
05/10/2014,2014,10,5,E2GI,10,amaia,0.16,0,0.08,0.71,NA
05/10/2014,2014,10,5,E2GI,20,amaia,0.21,0,0.08,0.78,NA
05/10/2014,2014,10,5,E2GI,30,amaia,3.98,0.11,0.1,0.9,NA
05/10/2014,2014,10,5,E2GI,40,amaia,2.99,0.41,0.18,1.52,NA
05/10/2014,2014,10,5,E2GI,50,amaia,2.39,0.27,0.17,1.5,NA
05/10/2014,2014,10,5,E2GI,75,amaia,6.7,0.05,0.31,2.68,NA
05/10/2014,2014,10,5,E2GI,100,amaia,9.84,0.06,0.44,4.35,NA
25/11/2014,2014,11,25,E2GI,5,amaia,1.7,0.42,0.15,1.83,NA
25/11/2014,2014,11,25,E2GI,10,amaia,1.74,0.42,0.12,1.79,NA
25/11/2014,2014,11,25,E2GI,20,amaia,1.89,0.49,0.16,1.77,NA
25/11/2014,2014,11,25,E2GI,30,amaia,1.98,0.51,0.16,1.76,NA
25/11/2014,2014,11,25,E2GI,40,amaia,1.98,0.47,0.17,1.74,NA
25/11/2014,2014,11,25,E2GI,50,amaia,1.93,0.45,0.13,1.64,NA
25/11/2014,2014,11,25,E2GI,75,amaia,2.4,0.34,0.17,1.79,NA
25/11/2014,2014,11,25,E2GI,100,amaia,5.62,0.14,0.31,2.89,NA
17/12/2014,2014,12,17,E2GI,5,amaia,2.22,0.4,0.17,1.64,NA
17/12/2014,2014,12,17,E2GI,10,amaia,2.19,0.41,0.17,1.64,NA
17/12/2014,2014,12,17,E2GI,20,amaia,2.18,0.4,0.18,1.62,NA
17/12/2014,2014,12,17,E2GI,30,amaia,2.07,0.4,0.23,1.61,NA
17/12/2014,2014,12,17,E2GI,40,amaia,2.12,0.39,0.18,1.6,NA
17/12/2014,2014,12,17,E2GI,50,amaia,1.99,0.38,0.16,1.55,NA
17/12/2014,2014,12,17,E2GI,75,amaia,2.31,0.32,0.23,1.58,NA
17/12/2014,2014,12,17,E2GI,100,amaia,7.38,0.12,0.57,3.41,NA
26/02/2017,2017,2,26,E2GI,5,amaia,2.376212585,0.09085947,0.137701243,2.375171986,NA
26/02/2017,2017,2,26,E2GI,10,amaia,2.402334977,0.090905626,0.137633521,2.374872397,NA
26/02/2017,2017,2,26,E2GI,20,amaia,2.745745187,0.11106426,0.146637419,2.322457104,NA
26/02/2017,2017,2,26,E2GI,30,amaia,3.499919535,0.1848443,0.191936809,2.322151463,NA
26/02/2017,2017,2,26,E2GI,40,amaia,4.93097315,0.111147588,0.191870755,2.469346297,NA
26/02/2017,2017,2,26,E2GI,50,amaia,4.990541327,0.104489617,0.228107065,2.425653092,NA
26/02/2017,2017,2,26,E2GI,75,amaia,5.097146518,0.071031309,0.209894012,2.251868289,NA
26/02/2017,2017,2,26,E2GI,100,amaia,5.968387349,0.030883346,0.200750563,2.676384466,NA
28/03/2017,2017,3,28,E2GI,5,amaia,2.977519061,0.294045673,0.19486903,1.869820146,NA
28/03/2017,2017,3,28,E2GI,10,amaia,3.050961344,0.321204925,0.205062061,1.925991598,NA
28/03/2017,2017,3,28,E2GI,20,amaia,3.559217453,0.422718123,0.235585307,2.010401146,NA
28/03/2017,2017,3,28,E2GI,30,amaia,3.181801607,0.416133005,0.225461145,1.85933923,NA
28/03/2017,2017,3,28,E2GI,40,amaia,3.231117182,0.456878097,0.225500451,1.802505471,NA
28/03/2017,2017,3,28,E2GI,50,amaia,3.307866917,0.463828427,0.225540066,1.755113615,NA
28/03/2017,2017,3,28,E2GI,75,amaia,3.651230558,0.484314601,0.245920677,1.792442576,NA
28/03/2017,2017,3,28,E2GI,100,amaia,4.663790484,0.484506196,0.266307258,1.792109222,NA
29/04/2017,2017,4,29,E2GI,5,amaia,1.707676352,0.139329661,0.151994357,1.17077292,NA
29/04/2017,2017,4,29,E2GI,20,amaia,1.826057704,0.106029276,0.127943906,1.170908345,NA
29/04/2017,2017,4,29,E2GI,30,amaia,1.88956357,0.139409655,0.118746578,1.198689375,NA
29/04/2017,2017,4,29,E2GI,40,amaia,2.009796593,0.112785084,0.10966326,1.189609618,NA
29/04/2017,2017,4,29,E2GI,50,amaia,2.166546476,0.119493647,0.159920041,1.180525445,NA
29/04/2017,2017,4,29,E2GI,75,amaia,4.411579909,0.146189642,0.272037387,1.733618262,NA
29/04/2017,2017,4,29,E2GI,100,amaia,7.870028947,0.19951926,0.458259053,2.987081043,NA
30/05/2017,2017,5,30,E2GI,5,amaia,0,0,0.024463184,0.335930645,NA
30/05/2017,2017,5,30,E2GI,10,amaia,0.005321757,0,0.024541786,0.316486284,NA
30/05/2017,2017,5,30,E2GI,20,amaia,0.009085461,0.005145786,0.013655778,0.226773467,NA
30/05/2017,2017,5,30,E2GI,30,amaia,0.055103919,0.017181686,0.046612345,0.317801702,NA
30/05/2017,2017,5,30,E2GI,40,amaia,0,0.004992813,0.035357409,0.123972034,NA
30/05/2017,2017,5,30,E2GI,50,amaia,1.116830747,0.310925319,0.12332032,0.62947025,NA
30/05/2017,2017,5,30,E2GI,75,amaia,3.614110202,0.826308331,0.243708286,1.54266433,NA
30/05/2017,2017,5,30,E2GI,100,amaia,5.814075663,0.604524055,0.342081682,2.214605049,NA
02/07/2017,2017,7,2,E2GI,5,amaia,0,0.14,0.090448779,0,NA
02/07/2017,2017,7,2,E2GI,10,amaia,0.045759424,0.008334771,0.015642456,0.073082645,NA
02/07/2017,2017,7,2,E2GI,20,amaia,0.062092406,0,0.047096024,0.110251367,NA
02/07/2017,2017,7,2,E2GI,30,amaia,0.305905462,0.091065099,0.06792364,0.327595378,NA
02/07/2017,2017,7,2,E2GI,40,amaia,0.509169379,0.26936203,0.04621639,0.288873014,NA
02/07/2017,2017,7,2,E2GI,50,amaia,2.026232527,0.515371642,0.162722717,0.856722021,NA
02/07/2017,2017,7,2,E2GI,75,amaia,4.227942466,0.207197841,0.226101547,1.623266869,NA
15/07/2017,2017,7,15,E2GI,95,amaia,7.862141877,0.028390235,0.364500803,2.88839728,NA
02/07/2017,2017,7,2,E2GI,100,amaia,4.138893685,0.145638848,0.310827596,1.66969424,NA
10/08/2017,2017,8,10,E2GI,5,amaia,0,0,0.021494416,0.414174026,NA
10/08/2017,2017,8,10,E2GI,10,amaia,0.435217642,0.060461987,0.050826093,0.196170298,NA
10/08/2017,2017,8,10,E2GI,20,amaia,0.003139069,0.046860931,0.060725403,0.167681877,NA
10/08/2017,2017,8,10,E2GI,30,amaia,0.002808787,0.067191213,0.06091371,0.338214724,NA
10/08/2017,2017,8,10,E2GI,40,amaia,0.51979433,0.121284142,0.099903575,0.414000919,NA
10/08/2017,2017,8,10,E2GI,50,amaia,2.420313838,0.148156902,0.177641156,0.660372288,NA
10/08/2017,2017,8,10,E2GI,75,amaia,1.173489759,0.161449534,0.109941938,0.432835525,NA
10/08/2017,2017,8,10,E2GI,100,amaia,3.796848669,0.080544438,0.391130051,1.551448605,NA
01/09/2017,2017,9,1,E2GI,5,amaia,0.5520052,0.397489279,0.019621423,0.374720295,NA
01/09/2017,2017,9,1,E2GI,10,amaia,0.759032743,0.293300929,0.019717793,0.37404412,NA
01/09/2017,2017,9,1,E2GI,20,amaia,1.465616742,0.688022832,0.087983811,1.363465099,NA
01/09/2017,2017,9,1,E2GI,30,amaia,1.437328767,0.799854613,0.097783228,1.381308806,NA
01/09/2017,2017,9,1,E2GI,50,amaia,6.598628486,0.331139741,0.341026697,2.539085146,NA
01/09/2017,2017,9,1,E2GI,75,amaia,7.38034149,0.733542606,0.350744415,2.745292435,NA
01/09/2017,2017,9,1,E2GI,100,amaia,9.565382537,0.05946348,0.45770092,3.375520092,NA
05/10/2017,2017,10,5,E2GI,5,amaia,0.003212826,0.016787174,0.013651086,0.330135846,NA
05/10/2017,2017,10,5,E2GI,10,amaia,0.072904988,0.002316659,0.013753514,0.311245611,NA
05/10/2017,2017,10,5,E2GI,20,amaia,0.105133096,0.045886522,0.003687987,0.348795392,NA
05/10/2017,2017,10,5,E2GI,30,amaia,0.198638192,0,0.013952259,0.395726004,NA
05/10/2017,2017,10,5,E2GI,40,amaia,0.547046562,0.224279058,0.034384986,0.818784566,NA
05/10/2017,2017,10,5,E2GI,50,amaia,0.96272816,0.315552211,0.054827555,1.044323545,NA
05/10/2017,2017,10,5,E2GI,75,amaia,8.252269678,0.055472958,0.185990659,2.725446052,NA
05/10/2017,2017,10,5,E2GI,100,amaia,9.801127772,0.031471723,0.258226216,3.66550582,NA
12/11/2017,2017,11,12,E2GI,5,amaia,0.056592197,0.006561453,0,0.341462,NA
12/11/2017,2017,11,12,E2GI,40,amaia,0,0.132112451,0.007946115,0.427921075,NA
12/11/2017,2017,11,12,E2GI,50,amaia,3.224557142,0.114249281,0.101060615,1.198000936,NA
12/11/2017,2017,11,12,E2GI,75,amaia,7.106697761,0.012776192,0.163100863,2.435142467,NA
12/11/2017,2017,11,12,E2GI,100,amaia,8.447293441,0.12624056,0.162942599,3.040626611,NA
20/12/2017,2017,12,20,E2GI,5,amaia,2.352269405,0.505703869,0.108603474,1.700510095,NA
20/12/2017,2017,12,20,E2GI,10,amaia,2.361600516,0.521956257,0.087297297,1.682094467,NA
20/12/2017,2017,12,20,E2GI,20,amaia,1.522594783,0.308594684,0.04468854,0.940344291,NA
20/12/2017,2017,12,20,E2GI,30,amaia,1.362765953,0.308519729,0.044681376,0.78976162,NA
20/12/2017,2017,12,20,E2GI,40,amaia,1.425059228,0.324830404,0.034033981,0.762665759,NA
20/12/2017,2017,12,20,E2GI,50,amaia,1.406100632,0.281088564,0.044671801,0.762027584,NA
20/12/2017,2017,12,20,E2GI,75,amaia,2.016198761,0.226469485,0.04466579,0.920031292,NA
20/12/2017,2017,12,20,E2GI,100,amaia,4.919776115,0.182791833,0.15102203,1.950284576,NA
18/01/2019,2019,1,18,E2GI,5,amaia,4.969639039,0.097479994,0.276685341,1.933625489,NA
18/01/2019,2019,1,18,E2GI,10,amaia,4.984070363,0.091116969,0.304984636,1.966292374,NA
18/01/2019,2019,1,18,E2GI,20,amaia,5.097500938,0.084751626,0.286237835,1.982466586,NA
18/01/2019,2019,1,18,E2GI,30,amaia,5.224988099,0.097319643,0.286308836,2.048142073,NA
18/01/2019,2019,1,18,E2GI,40,amaia,5.323839121,0.097266103,0.295785796,2.080829517,NA
18/01/2019,2019,1,18,E2GI,50,amaia,5.416363871,0.103526444,0.324070263,2.121773671,NA
18/01/2019,2019,1,18,E2GI,75,amaia,7.101778968,0.059265883,0.342936096,2.624794528,NA
18/01/2019,2019,1,18,E2GI,100,amaia,7.159283904,0.059205455,0.390012711,2.682302799,NA
23/02/2019,2019,2,23,E2GI,5,amaia,3.376847799,0.207043403,0.297380957,2.106588769,NA
23/02/2019,2019,2,23,E2GI,10,amaia,3.978681972,0.19939363,0.137498632,1.980046635,NA
23/02/2019,2019,2,23,E2GI,20,amaia,4.774294917,0.283266109,0.191293493,2.504227054,NA
23/02/2019,2019,2,23,E2GI,30,amaia,4.854821636,0.351902308,0.150635674,2.567406142,NA
23/02/2019,2019,2,23,E2GI,40,amaia,5.866040911,0.374777699,0.147779255,2.630571824,NA
23/02/2019,2019,2,23,E2GI,50,amaia,5.3561833,0.344252555,0.216120871,2.45900664,NA
23/02/2019,2019,2,23,E2GI,75,amaia,6.207052543,0.229840251,0.299376957,2.143362753,NA
23/02/2019,2019,2,23,E2GI,100,amaia,5.760765674,0.184076225,0.37960688,2.18863294,NA
07/03/2019,2019,3,7,E2GI,5,amaia,0.282283551,0.007639227,0.045616545,0.473722924,NA
07/03/2019,2019,3,7,E2GI,10,amaia,0.364780289,0.016220606,0.084266673,0.464199892,NA
07/03/2019,2019,3,7,E2GI,20,amaia,0.918515541,0.050564755,0.074353834,0.84656539,NA
07/03/2019,2019,3,7,E2GI,30,amaia,0.846902952,0.050569314,0.074155156,0.715751521,NA
07/03/2019,2019,3,7,E2GI,40,amaia,1.246081301,0.067755793,0.093381681,0.930188358,NA
07/03/2019,2019,3,7,E2GI,50,amaia,0.820763491,0.041991379,0.064052546,0.622104529,NA
07/03/2019,2019,3,7,E2GI,75,amaia,1.266436361,0.084964441,0.063857113,0.929866457,NA
07/03/2019,2019,3,7,E2GI,100,amaia,1.293798947,0.076383514,0.112217185,0.957700362,NA
09/04/2019,2019,4,9,E2GI,5,amaia,0.774773669,0.105558518,0.110168553,0.903486098,NA
09/04/2019,2019,4,9,E2GI,10,amaia,0.858904197,0.131157428,0.100799882,0.893712751,NA
09/04/2019,2019,4,9,E2GI,20,amaia,0.949747606,0.122648585,0.119433398,0.948117373,NA
09/04/2019,2019,4,9,E2GI,30,amaia,1.208082261,0.156708992,0.11939722,1.00247909,NA
09/04/2019,2019,4,9,E2GI,40,amaia,1.870994083,0.2247576,0.12871546,1.176032539,NA
09/04/2019,2019,4,9,E2GI,50,amaia,3.48532247,0.309711114,0.240933112,1.670330049,NA
09/04/2019,2019,4,9,E2GI,75,amaia,6.446545048,0.326578313,0.30647689,2.210327939,NA
09/04/2019,2019,4,9,E2GI,100,amaia,7.678151549,0.300985383,0.381469554,2.961068337,NA
02/05/2019,2019,5,2,E2GI,10,amaia,0,0,0.034642676,0.618877209,NA
02/05/2019,2019,5,2,E2GI,20,amaia,0.071120695,0.016146778,0.044272234,0.629150591,NA
02/05/2019,2019,5,2,E2GI,30,amaia,0.658669908,0.124403731,0.072960924,0.667288605,NA
02/05/2019,2019,5,2,E2GI,40,amaia,0.906572322,0.17866297,0.101636924,0.696139185,NA
02/05/2019,2019,5,2,E2GI,50,amaia,0.982535006,0.19428544,0.111244714,0.734249932,NA
02/05/2019,2019,5,2,E2GI,75,amaia,2.513897017,0.357190034,0.235150423,1.458506167,NA
02/05/2019,2019,5,2,E2GI,100,amaia,6.380806638,0.217818392,0.292324217,2.376728149,NA
03/06/2019,2019,6,3,E2GI,5,amaia,0,0,0.002562028,0.31167345,NA
03/06/2019,2019,6,3,E2GI,10,amaia,0,0,0.011929952,0.22995948,NA
03/06/2019,2019,6,3,E2GI,20,amaia,0,0,0.021299522,0.184258462,NA
03/06/2019,2019,6,3,E2GI,30,amaia,0.192639174,0.034442805,0.068949058,0.138573357,NA
03/06/2019,2019,6,3,E2GI,40,amaia,1.286329957,0.113701884,0.145304599,0.416294918,NA
03/06/2019,2019,6,3,E2GI,50,amaia,2.75253209,0.214481928,0.231239237,0.837661028,NA
03/06/2019,2019,6,3,E2GI,75,amaia,7.001165726,0.343903958,0.403265796,2.515963809,NA
03/06/2019,2019,6,3,E2GI,100,amaia,4.002143502,0.077825832,0.364802703,1.68886977,NA
13/07/2019,2019,7,13,E2GI,5,amaia,0,0,0,0.340597535,NA
13/07/2019,2019,7,13,E2GI,10,amaia,0,0,0.000629511,0.430101783,NA
13/07/2019,2019,7,13,E2GI,20,amaia,0,0,0.011078291,0.644316791,NA
13/07/2019,2019,7,13,E2GI,30,amaia,0,0,0.011287428,0.572932749,NA
13/07/2019,2019,7,13,E2GI,40,amaia,0.955378888,0.252979988,0.195282459,0.912399472,NA
13/07/2019,2019,7,13,E2GI,50,amaia,4.213729538,0.340189887,0.236100818,1.582466524,NA
13/07/2019,2019,7,13,E2GI,75,amaia,8.239639077,0.012593162,0.429564295,2.689727208,NA
13/07/2019,2019,7,13,E2GI,100,amaia,6.855501192,0.005244598,0.449688529,3.12765893,NA
16/08/2019,2019,8,16,E2GI,5,amaia,0,0,0.006958539,0.518684434,NA
16/08/2019,2019,8,16,E2GI,10,amaia,0,0,0.006853377,0.518182832,NA
16/08/2019,2019,8,16,E2GI,20,amaia,0,0,0.006742522,0.285556094,NA
16/08/2019,2019,8,16,E2GI,30,amaia,0.941310312,0.154118775,0.10242396,0.655968506,NA
16/08/2019,2019,8,16,E2GI,40,amaia,2.503007933,0.33536777,0.187410349,1.230145945,NA
16/08/2019,2019,8,16,E2GI,50,amaia,2.721049312,0.234615516,0.251086172,1.155267423,NA
16/08/2019,2019,8,16,E2GI,75,amaia,8.634305537,0.040056261,0.484850487,3.072433653,NA
16/08/2019,2019,8,16,E2GI,100,amaia,6.920385264,0.053520057,0.463401849,2.951135806,NA
22/09/2019,2019,9,22,E2GI,0,amaia,0,0.034103527,0.008592655,0.303981017,NA
22/09/2019,2019,9,22,E2GI,10,amaia,0,0,0.027408172,0.903897123,NA
22/09/2019,2019,9,22,E2GI,20,amaia,4.167103147,0.122084941,0.242819244,1.970106501,NA
22/09/2019,2019,9,22,E2GI,30,amaia,4.176915857,0.128867101,0.233483174,1.987189786,NA
22/09/2019,2019,9,22,E2GI,40,amaia,3.792087594,0.12888312,0.280301508,1.404685924,NA
22/09/2019,2019,9,22,E2GI,50,amaia,6.072310544,0.081594798,0.261605843,2.118293363,NA
22/09/2019,2019,9,22,E2GI,75,amaia,9.265826207,0.014062344,0.439406095,3.087529663,NA
22/09/2019,2019,9,22,E2GI,100,amaia,6.775566053,0.047893193,0.364597109,2.426010986,NA
03/10/2019,2019,10,3,E2GI,5,amaia,0,0,0.014565981,0.673083785,NA
03/10/2019,2019,10,3,E2GI,10,amaia,0.081520465,0,0.033445879,0.875683038,NA
03/10/2019,2019,10,3,E2GI,20,amaia,0.36503876,0.011394555,0.042917541,0.954735656,NA
03/10/2019,2019,10,3,E2GI,30,amaia,0.795387787,0.045485247,0.061784612,1.174891662,NA
03/10/2019,2019,10,3,E2GI,40,amaia,1.426386197,0.093169688,0.118238782,1.500842991,NA
03/10/2019,2019,10,3,E2GI,50,amaia,1.651895244,0.134022509,0.155873585,1.650275973,NA
03/10/2019,2019,10,3,E2GI,75,amaia,4.8289265,0.324470684,0.306192125,2.540231373,NA
03/10/2019,2019,10,3,E2GI,100,amaia,8.969537961,0.371985576,0.409456974,3.685389911,NA
07/01/2020,2020,1,7,E2GI,0,amaia,2.505078922,0.203847934,0.087093522,3.128146543,NA
07/01/2020,2020,1,7,E2GI,10,amaia,2.615770511,0.277418842,0.097487728,3.044739952,NA
07/01/2020,2020,1,7,E2GI,20,amaia,4.053712533,0.277418685,0.168617825,2.960604182,NA
07/01/2020,2020,1,7,E2GI,30,amaia,4.480863939,0.310124943,0.209319446,2.652696566,NA
07/01/2020,2020,1,7,E2GI,40,amaia,4.587884058,0.359240275,0.209541406,2.625236107,NA
07/01/2020,2020,1,7,E2GI,50,amaia,5.430017789,0.318460344,0.250227057,2.840541232,NA
07/01/2020,2020,1,7,E2GI,75,amaia,4.415652855,0.105935234,0.209971482,2.065826438,NA
07/01/2020,2020,1,7,E2GI,100,amaia,4.47430519,0.065064792,0.240515395,2.056900174,NA
20/02/2020,2020,2,20,E2GI,5,amaia,2.439219829,0.369215149,0.167732709,1.294257809,NA
20/02/2020,2020,2,20,E2GI,10,amaia,2.421370956,0.369167585,0.167799756,1.293883001,NA
20/02/2020,2020,2,20,E2GI,20,amaia,2.65125936,0.383307503,0.186449045,1.293505693,NA
20/02/2020,2020,2,20,E2GI,30,amaia,3.179863422,0.404529079,0.195804167,1.390012746,NA
20/02/2020,2020,2,20,E2GI,45,amaia,3.318742907,0.447004639,0.195867461,1.389596391,NA
20/02/2020,2020,2,20,E2GI,50,amaia,3.577257422,0.475276448,0.214507514,1.415582731,NA
20/02/2020,2020,2,20,E2GI,75,amaia,3.444093292,0.46809742,0.214566089,1.432733289,NA
20/02/2020,2020,2,20,E2GI,100,amaia,4.439808139,0.467991625,0.251765131,2.047986839,NA
12/03/2020,2020,3,12,E2GI,0,amaia,2.527876592,0.147016662,0.174234061,1.822859355,NA
12/03/2020,2020,3,12,E2GI,10,amaia,2.887922058,0.18692414,0.164044717,1.850105041,NA
12/03/2020,2020,3,12,E2GI,20,amaia,3.81571448,0.394152041,0.224785648,1.792050795,NA
12/03/2020,2020,3,12,E2GI,30,amaia,4.280636296,0.44991977,0.265229862,1.809799812,NA
12/03/2020,2020,3,12,E2GI,40,amaia,4.21640578,0.45787673,0.244895164,1.818097546,NA
12/03/2020,2020,3,12,E2GI,50,amaia,4.287736882,0.441939128,0.23469635,1.78853554,NA
12/03/2020,2020,3,12,E2GI,75,amaia,4.186280966,0.449892257,0.264979538,1.768437582,NA
12/03/2020,2020,3,12,E2GI,100,amaia,4.209814704,0.481723681,0.254779799,1.738886254,NA
11/06/2020,2020,6,11,E2GI,5,amaia,0,0,0.000367769,0.638233937,NA
11/06/2020,2020,6,11,E2GI,10,amaia,0,0,0,0.62183349,NA
11/06/2020,2020,6,11,E2GI,20,amaia,0,0,0.016422688,0.519605853,NA
11/06/2020,2020,6,11,E2GI,30,amaia,0,0,0.040660859,0.323789908,NA
11/06/2020,2020,6,11,E2GI,40,amaia,0,0,0.121630435,0.245039703,NA
11/06/2020,2020,6,11,E2GI,50,amaia,4.024699981,0.493198593,0.291732434,1.047410871,NA
11/06/2020,2020,6,11,E2GI,75,amaia,6.290419881,0.06219478,0.405076232,1.787167929,NA
11/06/2020,2020,6,11,E2GI,100,amaia,8.830591308,0.068285706,0.542694923,3.454198419,NA
01/07/2020,2020,7,1,E2GI,0,amaia,0,0,0.001997373,0.499315795,NA
01/07/2020,2020,7,1,E2GI,10,amaia,0,0,0.012001034,0.545827623,NA
01/07/2020,2020,7,1,E2GI,20,amaia,0.054471671,0.009317898,0.032000943,0.836010902,NA
01/07/2020,2020,7,1,E2GI,30,amaia,0.383965612,0.029356014,0.031996493,0.835650367,NA
01/07/2020,2020,7,1,E2GI,40,amaia,1.814297573,0.289849035,0.141933133,1.069629717,NA
01/07/2020,2020,7,1,E2GI,50,amaia,3.523519073,0.403384058,0.231829441,1.594210444,NA
01/07/2020,2020,7,1,E2GI,75,amaia,8.534254148,0.029351505,0.481503136,3.309283881,NA
01/07/2020,2020,7,1,E2GI,100,amaia,8.787557152,0.049387396,0.511357147,3.618427811,NA
08/08/2020,2020,8,8,E2GI,0,amaia,0,0,0.007215965,0.502042958,NA
08/08/2020,2020,8,8,E2GI,10,amaia,0,0,0.01658163,0.31385327,NA
08/08/2020,2020,8,8,E2GI,20,amaia,0.089983886,0.002976037,0.025946315,0.57231675,NA
08/08/2020,2020,8,8,E2GI,30,amaia,4.526536547,0.263312246,0.290837644,1.393276325,NA
08/08/2020,2020,8,8,E2GI,40,amaia,6.531197318,0.055034823,0.394908092,2.098000243,NA
08/08/2020,2020,8,8,E2GI,50,amaia,7.152814968,0.029004126,0.413821226,2.320560079,NA
08/08/2020,2020,8,8,E2GI,75,amaia,9.035485804,0.022496734,0.536904022,3.042985511,NA
08/08/2020,2020,8,8,E2GI,100,amaia,9.66129901,0.081026422,0.574799448,3.435053133,NA
05/09/2020,2020,9,5,E2GI,0,amaia,0,0,0.052478457,0.688669607,NA
05/09/2020,2020,9,5,E2GI,10,amaia,0,0,0,0.679496982,NA
05/09/2020,2020,9,5,E2GI,20,amaia,0,0,0.001883157,0.96667041,NA
05/09/2020,2020,9,5,E2GI,30,amaia,0,0,0.001885166,0.553301072,NA
05/09/2020,2020,9,5,E2GI,40,amaia,0.120568543,0.012362482,0.022114256,0.382450482,NA
05/09/2020,2020,9,5,E2GI,50,amaia,1.892392061,0.370236989,0.133339416,0.615722124,NA
05/09/2020,2020,9,5,E2GI,75,amaia,7.633054155,0.005583936,0.477045711,2.671833381,NA
05/09/2020,2020,9,5,E2GI,100,amaia,8.582215573,0.01877153,0.527529112,3.156511172,NA
12/10/2020,2020,10,12,E2GI,5,amaia,0.087091403,0.01460762,0.023363924,1.077719361,NA
12/10/2020,2020,10,12,E2GI,10,amaia,0.248875697,0.046247067,0.023261987,0.967017933,NA
12/10/2020,2020,10,12,E2GI,20,amaia,0.416887817,0.096852791,0.041761189,0.83092545,NA
12/10/2020,2020,10,12,E2GI,30,amaia,1.02419254,0.179088834,0.088148314,0.982930583,NA
12/10/2020,2020,10,12,E2GI,40,amaia,3.185090958,0.204488752,0.180994723,1.566936945,NA
12/10/2020,2020,10,12,E2GI,50,amaia,4.398072894,0.135064764,0.264506669,1.812087187,NA
12/10/2020,2020,10,12,E2GI,75,amaia,7.736202352,0.008670467,0.440883229,2.751670767,NA
12/10/2020,2020,10,12,E2GI,100,amaia,9.333231043,0.03403939,0.570727031,3.818193533,NA
13/08/2021,2021,8,13,E2GI,5,amaia,0,0,0.011999692,0.396239718,NA
13/08/2021,2021,8,13,E2GI,10,amaia,0,0,0.001776586,0.386433693,NA
13/08/2021,2021,8,13,E2GI,20,amaia,0,0,0.001776586,0.328504506,NA
13/08/2021,2021,8,13,E2GI,30,amaia,0,0,0.011998654,0.299459494,NA
13/08/2021,2021,8,13,E2GI,40,amaia,0,0,0.022220917,0.53988882,NA
13/08/2021,2021,8,13,E2GI,50,amaia,1.982529809,0.69603564,0.155100954,1.12673929,NA
13/08/2021,2021,8,13,E2GI,75,amaia,8.520514432,0,0.502614862,2.752790492,NA
13/08/2021,2021,8,13,E2GI,100,amaia,10.11512592,0,0.574153437,3.762881179,NA
